x,y,descriptor
370.691162109375,33.21776580810547,72,224,3,68,0,98,195,12,130,48,15,144,207,115,236,63,0,0,0,0,0,0,0,0,99,206,196,0,24,119,64,24,1,70,192,8,140,224,140,115,0,32,16,220,11,32,192,124,184,7,230,96,142,123,238,255,223,207,97,252,31
428.27081298828125,33.188880920410156,225,247,11,6,129,221,188,126,223,251,48,200,231,249,255,3,0,0,0,0,0,0,64,228,145,35,35,222,247,12,63,216,15,246,203,254,236,103,255,255,217,216,253,19,114,1,128,15,224,11,252,192,103,255,255,251,243,255,127,114,1
758.270263671875,399.5237731933594,33,54,108,0,140,17,56,194,95,8,240,159,7,0,250,247,222,1,6,224,4,239,122,135,9,0,0,220,7,0,119,84,0,1,248,255,42,80,49,0,254,11,196,1,255,143,25,254,142,199,0,12,96,248,227,3,0,224,249,255,32
40.728206634521484,399.4759216308594,33,54,108,0,140,17,56,194,95,8,240,157,7,0,250,247,222,17,6,224,4,239,120,199,9,0,0,188,7,0,126,84,0,1,248,255,43,84,33,0,254,11,196,1,255,143,27,246,142,199,0,12,96,216,227,3,0,96,249,255,32
392.6505126953125,602.4146728515625,224,18,0,4,128,1,160,251,63,0,240,141,3,128,238,55,0,0,7,248,0,14,112,128,0,0,0,28,2,0,32,103,232,255,127,243,0,0,0,6,204,223,3,0,255,202,1,126,0,0,0,0,240,248,224,193,195,227,253,255,39
402.45318603515625,602.400634765625,224,17,8,4,128,0,240,251,32,0,126,7,0,128,255,39,12,192,7,248,0,6,112,128,0,0,0,28,2,0,180,111,254,255,7,0,49,0,0,6,204,223,3,0,255,247,1,32,0,0,0,0,112,248,224,193,195,227,255,255,48
420.5854797363281,608.2714233398438,161,2,8,4,128,0,224,187,96,7,112,7,0,112,255,39,13,224,7,104,0,0,112,128,0,0,0,28,2,0,192,239,254,155,23,0,51,2,0,6,204,255,7,0,255,229,0,0,0,0,0,0,245,252,224,193,231,227,253,255,24
407.7107849121094,625.0914306640625,0,125,6,0,90,177,48,52,251,222,205,139,199,1,255,207,18,128,0,144,0,159,9,0,35,70,0,0,204,27,48,136,25,98,214,204,255,45,230,153,49,51,155,239,136,62,1,124,128,15,224,0,64,120,243,231,195,227,255,255,7
434.5593566894531,633.4473266601562,161,18,12,4,128,1,192,187,32,5,126,3,0,0,254,183,1,96,3,0,0,0,112,0,0,0,0,28,0,0,192,111,158,24,48,3,51,9,0,6,204,207,3,0,255,116,0,0,0,8,0,0,112,120,224,193,195,227,253,255,7
367.275390625,639.2315063476562,33,22,12,4,128,1,32,129,97,7,240,143,3,112,254,167,1,96,2,8,0,0,112,128,0,0,0,28,2,0,32,102,224,153,55,3,51,14,0,6,204,255,7,0,255,223,1,30,0,0,0,0,254,252,224,193,231,227,253,255,15
369.2532653808594,643.3642578125,1,28,12,4,128,1,0,129,96,6,240,143,3,112,254,63,1,96,3,72,0,0,112,128,0,0,0,44,2,16,0,70,224,19,55,2,35,10,0,4,136,191,223,1,238,247,33,28,0,0,0,16,242,252,226,133,231,67,252,255,7
435.2722473144531,646.2590942382812,161,18,0,0,128,0,176,211,61,0,240,12,4,0,238,55,0,0,0,72,0,0,112,128,0,0,0,28,2,0,124,103,204,25,122,243,49,128,0,6,204,223,3,0,255,139,1,96,0,8,0,0,112,248,224,193,195,227,253,255,55
393.0776062011719,662.139892578125,52,237,135,1,112,255,71,18,201,255,176,212,233,126,119,136,1,106,128,7,16,0,181,254,242,225,247,243,255,255,216,196,46,33,34,4,226,119,127,8,248,249,255,35,112,203,224,15,120,0,127,240,135,255,255,255,255,31,134,0,3
427.51019287109375,672.7964477539062,160,22,2,4,128,0,184,225,61,132,254,143,3,64,255,55,0,0,3,248,0,6,112,128,0,0,0,28,3,128,63,103,252,155,127,243,49,8,64,6,205,255,3,65,255,255,1,112,0,4,0,0,248,252,224,193,231,227,253,255,62
372.22869873046875,675.4678955078125,0,30,0,0,150,0,161,193,63,0,236,135,0,120,255,39,0,0,1,120,16,7,49,0,0,0,88,44,10,17,32,71,216,121,255,255,1,0,0,4,254,191,199,129,238,223,24,6,0,0,16,255,255,252,243,65,64,224,253,255,32
392.7445068359375,685.576171875,193,19,2,4,128,0,192,187,96,7,118,12,0,0,238,63,12,224,7,251,0,15,48,128,0,0,0,236,123,255,131,255,255,255,7,0,119,15,0,38,204,252,3,0,255,192,1,16,0,0,0,0,240,248,130,5,199,131,253,255,63
406.4006042480469,685.5408935546875,224,18,0,4,128,5,152,251,61,0,114,140,1,0,255,7,0,64,7,248,96,14,112,128,0,0,0,252,123,255,135,103,230,255,31,19,1,0,0,102,204,252,3,0,247,192,1,38,128,0,0,0,241,252,224,192,229,241,254,127,0
399.5237731933594,758.2706298828125,1,6,54,0,6,0,112,61,160,7,255,3,0,120,255,229,255,160,59,0,0,119,0,128,0,0,28,4,0,176,116,100,31,0,184,255,186,223,125,0,254,239,7,128,239,127,6,128,1,184,248,139,31,0,0,226,227,251,255,191,52
369.859130859375,61.3402214050293,33,253,15,4,128,153,60,180,255,215,175,157,199,113,254,223,17,0,0,0,0,0,240,228,1,3,0,128,229,206,63,142,157,231,247,252,207,15,4,144,176,179,251,255,14,223,17,126,128,7,240,0,255,122,227,199,195,227,127,255,31
429.09765625,61.299072265625,0,237,1,0,0,34,1,0,192,188,64,131,195,121,255,15,0,0,0,0,0,1,0,0,0,64,228,96,188,55,0,128,1,96,0,12,193,0,6,24,49,250,255,79,0,60,0,30,128,7,240,1,15,120,224,193,231,243,255,255,3
373.8888854980469,69.28643035888672,33,125,76,4,128,25,48,161,251,134,200,95,143,99,252,222,25,0,0,0,0,0,240,135,17,2,0,28,132,0,60,166,153,123,118,207,247,12,0,0,61,63,27,231,136,255,57,28,8,6,193,16,252,253,231,135,7,3,249,255,63
425.0651550292969,69.24303436279297,0,141,3,0,2,0,33,32,112,198,236,195,225,58,247,11,0,0,0,0,0,3,0,0,0,4,60,0,0,0,32,128,16,32,4,132,67,12,66,8,189,191,219,119,200,63,0,15,192,3,120,131,7,60,240,224,247,243,255,63,1
369.7290954589844,80.59822082519531,1,242,12,4,128,31,32,163,113,140,80,143,70,193,238,247,1,0,0,0,0,0,112,138,1,2,0,124,11,17,32,110,146,155,116,147,55,9,65,4,9,78,38,129,157,252,97,18,152,4,147,48,249,255,239,79,79,38,1,253,60
429.232666015625,80.5643081665039,32,207,3,0,0,0,55,177,56,70,239,129,64,209,239,39,0,0,0,0,0,0,0,0,0,0,0,12,65,216,62,64,24,16,6,194,32,12,113,214,173,175,215,161,238,31,128,7,224,1,60,192,3,94,120,249,255,255,127,17,32
324.3751220703125,80.72321319580078,96,13,2,0,0,16,184,92,142,251,143,136,197,48,255,15,0,0,0,0,0,0,0,0,1,2,0,0,228,142,63,152,15,230,195,124,204,103,190,249,177,177,253,255,6,3,0,14,128,3,112,0,7,56,225,195,195,253,127,255,3
474.62493896484375,80.72587585449219,64,13,2,0,0,17,192,14,199,249,1,2,135,97,254,31,0,0,0,0,0,0,0,0,1,2,0,0,188,39,1,152,3,230,192,28,204,97,142,57,113,112,252,223,0,48,0,28,0,7,224,0,14,112,193,195,131,227,123,255,15
324.6114196777344,106.32341766357422,1,240,12,4,128,23,0,131,97,8,64,143,6,129,174,247,1,0,0,0,0,0,112,130,1,2,0,124,14,16,192,125,0,27,96,3,54,240,109,4,8,12,4,128,157,252,97,16,24,0,3,48,240,255,239,79,79,6,0,253,60
474.3841857910156,106.31403350830078,160,199,3,0,0,0,62,185,60,199,255,1,64,208,175,39,0,0,0,0,0,0,0,0,0,0,0,12,65,200,62,65,94,144,15,242,32,15,121,229,239,203,247,161,255,31,128,1,96,0,12,192,1,30,120,249,255,255,127,0,32
320.36181640625,117.78539276123047,33,62,76,4,128,17,32,165,243,4,201,95,13,2,240,218,25,0,0,0,0,0,240,135,1,2,0,28,132,0,56,230,145,123,118,207,247,12,0,0,60,62,19,198,8,255,57,12,8,0,1,16,240,253,231,7,5,0,240,255,15
478.63970947265625,117.78620147705078,0,15,3,0,2,0,48,48,88,206,252,67,32,42,245,8,0,0,0,0,0,3,0,0,0,0,28,0,0,0,48,128,24,32,6,196,67,14,98,136,253,255,255,127,232,63,0,1,64,0,8,131,6,4,16,224,247,251,255,15,7
324.3809814453125,125.72779846191406,1,28,12,4,128,17,32,132,243,20,129,159,135,0,254,223,17,0,0,0,0,0,240,132,1,2,0,0,132,0,48,142,129,103,245,172,207,10,0,16,48,48,248,255,0,231,17,126,0,7,32,0,242,122,225,199,131,227,123,255,39
474.6180725097656,125.7240982055664,0,15,2,0,0,0,48,48,216,255,254,3,129,120,255,15,0,0,0,0,0,1,0,0,0,0,36,0,132,0,26,128,21,96,5,172,193,15,126,248,241,255,255,255,0,53,0,8,0,2,64,1,15,120,224,193,195,255,255,255,11
264.9350280761719,140.26002502441406,72,224,3,68,0,98,195,12,130,48,15,130,207,113,238,63,0,0,0,0,0,0,0,0,99,206,196,0,24,255,0,24,1,70,192,8,140,224,140,115,0,32,16,220,15,32,192,28,48,7,230,96,142,123,238,255,223,207,99,252,63
534.0704956054688,140.26922607421875,225,247,1,4,129,221,188,126,223,251,176,136,231,241,255,7,0,0,0,0,0,0,64,228,145,35,35,254,255,140,63,216,15,246,195,126,236,103,255,255,153,216,253,19,114,1,192,15,240,3,126,224,103,255,255,251,251,255,59,115,0
265.1425476074219,166.0623016357422,33,253,15,4,128,153,60,180,255,215,143,157,199,113,254,223,17,96,0,0,0,0,240,228,1,3,0,128,229,206,63,142,157,231,247,252,207,15,4,144,176,243,251,255,14,223,17,126,128,7,240,0,255,120,225,199,195,227,127,255,31
533.8626098632812,166.07345581054688,0,237,1,0,0,34,1,0,192,252,64,131,195,121,255,15,0,0,0,0,0,1,0,0,0,64,228,96,188,55,0,128,1,96,0,12,193,0,6,24,49,250,255,79,0,60,0,30,128,7,240,1,15,120,224,193,195,243,255,255,3
269.15850830078125,174.0205535888672,33,127,76,4,128,25,48,161,251,134,200,95,143,99,252,222,25,0,0,0,0,0,240,135,17,2,0,28,134,0,60,166,153,123,118,207,247,12,0,0,61,63,155,231,136,255,57,124,12,6,193,16,252,253,231,135,7,131,249,255,63
529.840087890625,174.01998901367188,0,141,3,0,2,0,33,32,112,198,236,195,225,58,247,11,0,0,0,0,0,3,0,0,0,4,60,0,0,0,32,128,16,32,4,132,67,12,66,8,189,191,219,119,200,63,0,15,192,3,120,131,7,60,240,224,247,243,255,63,1
219.6446533203125,185.45440673828125,96,13,0,4,0,17,184,126,223,255,7,136,197,48,255,7,0,0,0,0,0,0,0,0,1,2,0,16,244,14,63,152,15,230,195,124,204,103,190,249,177,241,253,255,2,3,0,14,128,3,112,0,7,56,225,195,195,253,123,255,3
264.9759826660156,185.37921142578125,1,242,12,4,128,31,32,163,243,140,64,143,6,193,174,247,1,0,0,0,0,0,112,138,1,2,0,124,15,16,32,110,147,223,244,155,191,9,1,4,8,110,6,129,157,252,97,114,152,4,147,48,233,251,239,79,79,6,1,253,60
534.023193359375,185.37762451171875,32,206,3,0,0,0,55,48,56,198,239,129,64,208,175,39,0,0,0,0,0,0,0,0,0,0,0,14,65,216,60,64,28,16,7,226,32,14,113,196,173,175,215,161,239,31,128,7,224,1,60,192,3,30,120,249,251,255,127,17,32
579.3525390625,185.45562744140625,64,13,2,4,0,16,192,4,130,248,3,0,135,97,254,63,0,0,0,0,0,0,0,0,1,2,0,0,188,55,1,152,3,230,192,28,204,97,142,57,113,112,252,255,0,48,0,28,0,7,224,0,14,112,193,195,131,227,123,255,15
219.84603881835938,211.08961486816406,65,240,12,4,128,23,0,131,97,8,64,143,6,129,174,247,1,0,0,0,0,0,112,138,1,2,0,124,14,16,192,125,2,159,224,19,62,241,109,4,8,76,4,128,29,248,97,114,152,0,19,48,241,255,255,79,79,6,0,253,56
579.1542358398438,211.09341430664062,160,199,3,0,0,0,62,185,60,199,255,1,64,208,175,39,0,0,0,0,0,0,0,0,0,0,0,14,65,200,63,65,94,144,15,242,32,15,121,229,239,203,247,161,255,31,128,1,96,0,12,192,1,30,120,249,255,255,127,0,32
215.72409057617188,222.4781036376953,33,60,76,4,128,17,48,161,243,4,200,95,13,2,240,202,25,0,0,0,0,0,240,135,17,2,0,28,132,0,52,166,145,123,116,143,247,8,0,0,52,62,26,199,8,255,57,108,12,0,1,16,240,253,231,7,5,0,240,255,15
583.272216796875,222.47811889648438,0,15,3,0,2,0,32,48,120,198,252,67,32,42,245,24,0,0,0,0,0,3,0,0,0,4,60,0,0,0,56,128,24,32,6,196,67,14,98,136,253,255,251,127,232,63,0,1,64,0,8,131,6,4,16,160,247,243,255,15,7
219.64517211914062,230.45681762695312,1,28,12,4,128,17,48,132,243,20,129,159,135,0,254,207,17,96,0,0,0,0,240,132,1,2,0,16,132,0,53,142,129,103,242,76,207,4,0,16,48,48,248,255,0,223,17,126,0,3,96,0,86,120,225,195,195,227,123,255,15
579.355712890625,230.45616149902344,0,15,2,0,0,0,32,48,216,255,254,3,128,120,255,31,0,0,0,0,0,1,0,0,0,0,36,0,132,0,8,128,25,96,6,204,193,15,126,248,241,255,255,255,0,30,0,4,0,1,32,1,15,112,224,195,195,255,127,255,7
160.13897705078125,245.06246948242188,72,224,3,68,0,98,195,12,130,48,15,130,207,113,238,63,0,0,0,0,0,0,0,0,99,206,196,0,24,255,0,24,1,70,192,8,140,224,140,115,0,32,16,220,15,32,192,28,48,7,230,96,142,123,238,255,223,207,99,252,63
638.8511352539062,245.04156494140625,225,247,1,4,129,221,188,126,223,251,176,136,231,241,255,7,0,0,0,0,0,0,64,100,145,35,35,254,255,12,63,216,15,246,195,126,236,103,255,255,153,216,253,19,114,1,128,15,224,3,124,192,103,255,255,251,243,255,127,115,0
160.3728485107422,270.8365478515625,33,253,15,4,128,153,60,180,255,215,143,157,199,113,254,223,17,96,0,0,0,0,240,228,1,3,0,144,229,206,63,142,157,231,247,252,207,15,4,144,176,243,251,255,14,223,17,126,128,7,240,0,223,120,225,199,195,227,123,255,31
638.6248168945312,270.8293151855469,0,237,1,0,0,34,1,0,192,252,64,131,195,121,255,15,0,0,0,0,0,1,0,0,0,64,228,96,188,55,0,128,1,96,0,12,193,0,6,24,49,250,255,207,0,60,0,30,128,7,240,1,15,120,224,195,195,227,255,255,3
164.3701629638672,278.79486083984375,33,127,76,4,128,25,48,161,251,134,200,223,143,99,252,222,25,0,0,0,0,0,240,199,17,2,0,28,132,0,62,134,145,123,119,239,247,14,64,0,53,191,155,231,136,255,57,124,12,7,225,16,254,253,247,135,135,131,249,255,63
634.6331787109375,278.7947692871094,0,141,3,0,2,0,33,32,112,198,236,195,225,122,247,11,0,0,0,0,0,3,0,0,0,4,124,0,0,0,32,128,16,32,4,132,67,12,66,8,189,191,219,119,200,63,0,15,192,3,120,131,7,60,240,224,247,243,255,63,1
114.88462829589844,290.23358154296875,96,13,0,4,0,17,184,126,223,255,15,136,197,48,255,7,0,0,0,0,0,0,0,0,1,2,0,0,228,14,63,152,15,230,195,124,204,103,190,249,177,241,253,255,2,3,0,14,128,3,112,0,7,56,225,195,195,253,123,255,3
160.1569366455078,290.23876953125,1,242,12,4,128,31,32,163,113,140,64,143,6,193,170,247,1,0,0,0,0,0,112,138,1,2,0,124,15,16,32,110,147,223,244,155,191,9,1,4,8,110,6,129,157,252,97,114,152,4,147,48,249,255,255,79,79,6,1,253,60
638.8378295898438,290.2273864746094,32,206,3,0,0,0,55,177,56,198,239,129,64,208,175,37,0,0,0,0,0,0,0,0,0,0,8,14,65,216,62,64,28,16,7,226,32,14,113,196,173,175,215,161,239,31,128,3,224,0,28,192,3,30,120,249,255,255,127,17,32
684.1136474609375,290.2320861816406,64,13,2,4,0,16,192,4,130,248,1,0,135,97,254,63,0,0,0,0,0,0,0,0,1,2,0,0,188,55,1,152,3,230,192,28,204,97,142,57,49,112,252,255,0,48,0,28,0,7,224,0,14,112,193,195,131,235,123,255,15
115.05479431152344,315.8899841308594,161,246,4,0,128,7,64,155,237,47,112,140,70,128,239,39,0,0,0,0,0,14,112,128,1,0,0,252,31,48,192,236,10,187,98,87,255,191,43,164,72,221,175,0,245,202,96,10,152,2,83,56,253,255,255,111,79,37,128,221,24
683.9484252929688,315.89508056640625,33,198,15,0,128,0,62,192,36,1,63,0,0,209,238,247,95,0,0,0,0,0,48,0,0,0,0,204,1,232,55,0,128,136,26,81,17,133,0,183,111,71,1,236,223,218,129,119,96,5,172,192,10,94,120,253,255,123,95,0,53
159.780029296875,326.29345703125,33,204,255,7,128,15,120,47,224,165,90,150,131,115,238,255,221,125,7,12,0,0,112,247,1,3,0,220,193,174,247,93,31,0,224,234,174,255,125,0,42,43,247,229,207,255,1,30,0,6,224,0,143,120,230,255,255,227,121,255,63
220.23284912109375,326.2967529296875,160,127,3,0,238,0,30,216,31,99,182,204,2,200,255,52,0,0,0,112,0,247,13,0,0,0,124,139,34,208,30,129,74,160,250,255,64,197,63,255,254,211,253,58,116,202,17,117,68,5,0,128,232,255,255,251,163,254,255,143,53
264.5536193847656,326.3031311035156,1,162,253,5,128,7,72,11,224,33,18,150,0,18,226,231,221,117,7,8,0,0,240,215,1,2,0,92,129,34,229,93,21,0,224,42,174,242,93,0,10,8,116,129,47,229,0,6,0,0,32,0,131,24,230,255,255,99,120,255,33
324.9966125488281,326.299072265625,160,127,3,0,126,0,30,216,31,99,182,204,2,200,255,52,0,0,0,112,0,247,13,0,0,0,124,139,34,212,30,129,74,160,250,255,64,197,63,255,254,211,253,58,116,202,17,115,196,4,0,136,233,255,255,251,35,254,255,143,52
369.2669982910156,326.3089294433594,1,128,253,7,128,23,72,15,224,33,18,150,0,82,226,231,253,117,7,8,0,0,240,215,1,2,0,92,129,34,229,93,7,0,224,10,174,115,93,0,10,8,116,129,15,225,35,4,0,0,0,16,130,16,230,255,255,67,120,255,33
429.68255615234375,326.31085205078125,160,127,3,0,110,0,30,216,31,99,182,76,2,200,255,52,0,0,0,112,0,119,13,0,0,0,92,139,34,208,30,129,74,160,250,255,64,197,63,255,254,211,253,58,116,202,1,113,64,4,0,128,232,255,255,243,227,254,255,143,52
474.0096130371094,326.30120849609375,1,130,253,5,128,23,72,15,224,33,18,150,0,82,226,231,221,117,7,8,0,0,112,215,1,2,0,92,145,34,229,93,7,0,224,42,174,243,93,0,10,8,116,129,47,225,0,20,0,0,32,0,139,88,230,255,255,99,121,255,37
534.4417724609375,326.3014831542969,160,127,3,0,238,0,30,216,63,99,182,76,2,200,255,52,0,0,0,48,0,119,13,0,0,0,92,139,34,208,26,129,74,160,250,255,64,197,63,255,254,211,237,58,116,138,16,53,68,5,0,136,234,255,255,251,35,254,255,143,53
578.7686157226562,326.2958679199219,1,128,253,5,128,7,72,15,224,33,18,150,0,82,226,231,221,117,7,8,0,0,112,215,1,2,0,92,145,34,229,93,7,0,224,10,174,115,93,0,10,8,116,129,15,224,35,22,0,0,0,1,11,88,230,255,255,99,121,255,33
639.2217407226562,326.29791259765625,0,255,1,0,254,0,7,208,31,66,164,204,195,248,255,7,0,0,0,112,0,119,15,0,0,0,220,235,58,241,8,129,72,32,250,255,64,68,39,157,254,19,189,35,68,222,16,55,196,5,48,136,235,255,255,255,227,250,255,191,33
123.5556411743164,326.6453857421875,65,168,108,36,128,19,192,59,96,12,112,3,68,209,238,231,223,231,247,137,0,0,112,128,1,2,0,124,14,16,224,239,59,2,0,0,183,32,129,22,0,252,23,128,13,62,0,64,155,238,243,48,241,121,166,77,79,39,0,255,56
675.4695434570312,326.6538391113281,160,87,3,8,6,0,188,241,63,0,255,137,70,129,239,55,0,0,0,240,135,127,12,0,0,0,0,4,0,200,62,67,220,254,255,255,33,4,128,255,201,235,247,161,255,31,137,193,227,125,252,0,48,222,120,49,240,255,127,0,32
112.68490600585938,329.8856201171875,33,134,252,4,128,1,96,3,96,4,240,3,132,0,254,207,255,103,6,8,0,0,112,132,1,0,0,60,134,0,224,239,24,0,112,135,119,188,3,0,12,252,7,0,192,63,36,224,219,47,65,18,180,96,2,4,237,3,252,239,31
168.13284301757812,330.1751403808594,128,6,2,0,14,0,176,249,31,0,255,67,224,249,255,0,0,0,0,48,0,247,16,0,0,0,252,15,0,0,1,99,219,216,254,255,0,128,5,246,255,239,3,128,15,24,24,30,134,247,248,143,127,248,225,3,2,248,255,255,63
211.88186645507812,330.1745910644531,37,2,124,4,128,17,64,2,96,12,240,27,206,3,224,255,253,97,102,136,0,0,240,255,31,2,0,28,6,0,223,78,2,0,96,2,39,61,1,0,8,200,231,1,255,24,6,254,143,63,240,3,15,0,0,192,195,227,249,255,0
272.87823486328125,330.1748046875,128,22,2,0,14,0,48,249,191,7,127,195,228,153,255,0,0,0,0,48,0,247,16,0,0,0,252,12,0,0,1,98,137,216,186,255,177,135,5,246,255,239,7,128,15,10,25,94,134,255,248,12,127,248,225,3,0,248,255,255,63
316.64727783203125,330.1775207519531,37,2,124,4,128,17,64,2,96,8,240,27,206,67,224,255,253,97,102,136,0,0,240,183,31,2,0,28,6,0,199,78,0,0,96,2,39,53,1,0,8,200,231,1,255,26,6,254,135,63,240,3,15,0,0,192,195,227,249,255,0
377.5921325683594,330.1804504394531,128,22,2,0,14,0,48,241,191,7,255,195,228,153,255,0,0,0,0,48,0,247,16,0,0,0,124,14,0,0,52,99,221,88,255,255,177,132,5,246,255,239,7,128,15,15,25,94,134,255,248,12,127,248,225,3,0,248,255,255,31
421.3598937988281,330.1788330078125,37,2,124,4,128,17,64,2,96,10,240,25,206,67,224,255,253,97,102,136,0,0,240,255,31,2,0,28,6,0,223,78,10,0,96,2,39,53,1,0,8,200,231,1,255,8,6,254,143,63,240,3,15,0,0,192,195,227,249,255,1
482.35345458984375,330.1781311035156,128,22,2,0,14,0,56,241,191,7,255,67,228,153,255,0,0,0,0,48,0,247,16,0,0,0,252,4,0,0,0,98,197,216,255,255,177,143,5,246,255,239,3,128,15,39,25,94,134,255,240,12,127,248,225,3,0,248,255,255,55
526.1209716796875,330.1747741699219,37,2,124,4,128,17,96,2,96,8,240,27,206,67,224,255,253,97,38,136,0,0,240,255,29,2,0,28,6,0,247,78,10,0,96,2,39,55,1,0,8,200,231,1,255,8,6,254,143,63,240,3,15,0,0,192,195,227,249,255,1
587.11767578125,330.1749267578125,128,22,2,0,14,0,32,249,191,7,255,195,228,153,255,0,0,0,0,48,0,247,16,0,0,0,252,13,0,0,0,98,135,216,251,255,177,143,5,246,255,239,7,128,15,0,25,94,134,255,248,12,127,248,225,3,0,248,255,255,63
630.8671264648438,330.1746520996094,33,50,124,4,128,17,240,63,96,12,240,159,207,67,224,255,253,97,38,136,0,0,240,231,31,2,0,28,6,0,255,255,31,0,96,2,38,250,121,0,8,200,231,1,255,231,127,254,143,63,240,3,15,0,0,192,195,227,121,255,1
686.3139038085938,329.88470458984375,0,86,2,0,206,0,48,241,63,7,254,11,132,0,255,31,0,0,0,32,0,255,24,0,0,0,4,0,0,128,60,54,152,13,254,255,123,15,0,0,255,7,3,121,255,127,56,1,78,232,121,156,242,254,211,32,32,16,254,15,3
104.14390563964844,334.0075378417969,33,134,63,0,128,0,32,128,120,7,252,87,33,58,241,200,223,97,0,0,0,0,48,7,0,0,56,28,6,0,56,0,0,9,48,199,115,158,64,0,252,255,3,66,232,255,47,191,65,19,8,131,6,0,208,228,255,211,254,15,7
694.8562622070312,334.0069885253906,0,118,4,0,140,1,48,129,241,7,248,95,11,42,240,216,0,0,0,0,0,6,240,135,0,0,8,4,0,0,52,38,144,25,52,227,255,15,0,0,222,223,3,65,254,255,56,12,12,130,65,188,255,253,247,135,5,0,244,239,15
67.06199645996094,338.0572204589844,64,13,2,0,0,16,192,14,199,249,3,2,135,97,254,31,0,0,0,0,0,0,0,0,1,2,0,0,188,39,1,152,3,230,192,28,204,97,142,121,113,112,252,223,0,48,0,28,0,7,224,0,14,112,193,195,131,227,123,255,15
92.74031829833984,338.21240234375,32,198,15,0,128,0,60,192,60,7,255,1,64,208,175,231,15,0,0,0,0,0,48,0,0,0,0,12,65,200,63,0,192,152,31,243,49,15,0,231,239,207,135,161,255,223,131,183,224,16,28,193,1,6,120,253,255,123,127,0,32
111.78804779052734,338.31787109375,1,174,44,0,128,1,0,0,224,7,224,3,128,123,255,222,127,97,2,0,0,0,48,128,0,0,0,16,132,0,192,166,31,0,48,237,243,31,4,0,252,255,27,254,0,39,0,32,141,135,225,26,255,123,227,223,3,0,120,255,39
687.2122802734375,338.3186340332031,0,94,7,0,132,0,56,128,255,135,254,223,199,0,246,79,0,0,0,0,0,159,240,4,0,0,0,0,134,0,62,6,128,97,252,255,243,15,0,0,254,255,255,127,0,247,159,223,128,27,248,0,0,128,240,225,227,255,255,255,10
706.244384765625,338.2048645019531,1,246,4,0,128,3,64,131,225,15,112,143,6,129,174,247,0,0,0,0,0,12,112,128,1,0,0,124,10,16,192,108,2,155,96,19,255,191,107,4,8,252,7,0,221,248,112,18,156,132,147,56,253,255,255,79,15,4,0,253,56
731.93603515625,338.0560607910156,96,13,0,0,0,17,184,92,142,251,135,136,197,48,255,15,0,0,0,0,0,0,0,0,1,2,0,0,228,14,63,152,15,230,195,124,204,103,190,249,176,241,253,255,2,3,0,14,128,3,112,0,7,56,225,195,195,253,127,255,3
51.41510009765625,399.47283935546875,52,14,118,187,239,0,254,91,9,106,180,252,3,90,251,52,174,152,123,254,255,247,60,34,8,16,60,139,98,192,223,215,238,161,59,116,65,4,34,136,254,209,237,58,116,203,223,255,231,245,136,143,11,128,0,0,32,254,255,139,53
747.5850219726562,399.4731750488281,139,31,252,249,190,7,192,239,54,33,27,214,2,126,242,37,92,229,255,255,62,174,114,159,68,0,136,124,128,34,193,255,127,217,40,27,130,177,111,0,124,127,51,140,29,248,126,30,143,240,243,127,255,105,1,2,0,32,104,255,56
423.8821716308594,611.9296264648438,225,2,8,20,128,1,224,59,96,7,254,4,0,112,254,15,13,224,7,232,0,0,112,128,0,0,0,28,2,0,152,239,255,251,7,0,51,15,0,4,204,255,7,128,255,216,1,30,0,0,0,0,191,125,224,197,239,227,253,255,15
372.01605224609375,612.712890625,32,22,8,4,128,0,32,192,125,7,126,142,3,112,254,95,13,64,3,248,0,6,112,128,0,0,0,28,2,0,56,0,224,251,31,2,1,0,0,4,204,255,7,128,255,240,33,62,0,0,0,0,176,252,242,229,239,227,253,255,30
394.33587646484375,623.1976928710938,7,6,252,99,122,255,0,137,230,39,23,12,1,0,244,218,255,127,223,231,168,190,255,125,1,162,0,208,253,15,103,170,139,136,112,93,223,135,136,186,116,117,33,126,17,200,51,108,0,0,0,0,0,32,211,254,135,193,180,103,11
405.791015625,624.2927856445312,30,13,246,235,127,240,52,128,254,247,191,4,0,32,245,218,254,159,223,247,251,255,191,68,18,37,166,3,252,143,55,130,136,96,122,253,215,13,130,186,49,245,155,126,64,222,16,8,0,0,0,9,70,32,215,191,3,209,244,110,15
394.4110412597656,635.9962768554688,60,15,215,75,123,248,55,64,93,233,114,0,0,122,253,218,191,159,203,127,249,151,143,192,2,5,246,3,255,207,62,129,194,160,122,253,64,1,170,170,81,253,171,126,208,216,0,0,0,0,0,255,79,180,223,183,163,209,247,110,7
405.252197265625,635.6287841796875,7,189,252,107,58,243,65,27,224,111,176,220,173,32,244,138,63,255,207,7,25,159,255,252,51,102,100,0,254,15,200,190,15,32,80,68,255,15,130,170,16,117,169,126,80,202,255,255,205,155,97,1,6,0,211,254,129,193,188,103,3
367.5277404785156,637.9761962890625,1,14,10,4,128,0,32,0,224,239,252,7,3,112,254,63,13,96,3,104,0,6,112,128,0,0,0,0,2,0,48,0,224,243,7,0,231,15,0,4,200,255,255,129,255,255,1,30,0,0,0,0,190,252,242,229,231,227,253,255,7
374.8868713378906,648.9066772460938,1,12,8,4,128,34,65,43,224,7,120,23,3,98,240,62,13,224,143,105,0,6,240,136,0,0,68,0,24,51,128,14,187,251,22,0,247,13,0,32,64,255,191,239,221,248,41,25,8,0,1,16,188,245,146,5,175,3,228,206,63
400.7644348144531,654.0062866210938,203,1,27,252,3,224,255,63,100,99,118,4,1,42,212,26,3,224,255,255,251,1,0,128,66,133,134,3,248,255,167,171,235,255,7,0,213,165,174,250,64,244,171,126,81,200,12,13,67,99,104,135,54,52,144,32,173,211,180,78,15
407.7594299316406,658.5184936523438,224,2,3,188,1,192,30,201,62,1,63,12,0,128,17,0,0,192,23,255,239,0,16,1,4,8,137,199,129,238,31,34,225,255,23,57,145,131,128,242,228,244,3,254,15,192,193,33,96,0,8,224,0,7,28,124,125,61,134,0,8
376.3773498535156,660.0326538085938,183,242,255,135,160,223,94,27,96,107,180,204,1,8,119,200,253,125,103,79,76,0,244,247,216,33,177,223,247,68,207,197,36,49,33,36,98,18,27,64,254,253,109,18,50,193,227,103,96,0,0,192,0,31,254,254,255,125,22,0,1
403.9710388183594,665.9263305664062,55,31,244,171,127,209,24,173,246,135,91,31,5,0,116,10,190,189,127,247,237,255,255,116,19,38,32,16,246,14,15,170,149,106,117,173,223,11,144,90,181,246,74,127,162,229,147,228,32,1,0,0,0,0,91,190,145,88,22,34,3
395.978515625,667.003662109375,63,174,253,227,255,255,53,129,240,7,236,3,0,8,241,248,255,255,223,255,251,191,127,124,48,97,226,247,253,159,60,162,128,40,88,205,213,12,128,154,53,252,11,126,0,127,112,8,12,128,67,249,205,239,191,127,7,0,0,204,30
386.30645751953125,667.5746459960938,183,182,252,247,253,255,94,173,230,39,27,142,70,17,254,231,255,255,247,239,250,142,127,255,193,128,128,253,253,239,199,102,151,209,48,26,179,27,12,48,236,238,55,140,31,176,126,246,159,247,179,63,91,88,33,195,66,100,89,255,48
370.88238525390625,669.2857666015625,229,125,110,55,193,159,252,27,73,74,180,220,207,1,244,207,153,89,102,206,204,12,124,255,157,1,2,254,231,204,255,239,127,115,106,66,38,180,191,128,0,253,223,32,68,139,111,255,219,127,251,0,176,188,144,32,237,211,252,15,11
421.7408752441406,677.9727783203125,160,118,2,20,128,1,152,209,63,2,182,140,1,32,255,11,0,64,3,248,76,6,112,0,0,0,0,156,167,68,31,103,237,251,127,123,1,0,0,214,236,253,215,164,71,203,9,111,66,3,0,128,240,255,242,32,229,243,254,15,11
419.76300048828125,679.5362548828125,160,114,0,20,128,1,152,209,63,0,180,140,1,0,255,3,0,64,3,248,76,6,112,0,0,0,0,220,167,68,15,103,229,255,127,127,1,0,0,84,252,252,87,144,34,193,9,103,194,9,0,0,240,255,242,160,244,243,254,47,1
417.7999572753906,691.3597412109375,1,246,12,0,128,39,1,192,119,13,80,255,3,82,242,231,1,0,0,8,0,0,112,159,0,0,64,124,14,17,0,0,224,251,126,199,2,16,0,0,28,127,7,0,208,254,243,127,144,0,0,32,129,107,255,255,255,39,0,241,56
446.5712890625,698.89794921875,10,184,240,248,190,35,193,229,178,4,15,3,0,32,254,31,254,207,255,251,127,255,7,8,33,66,64,100,136,55,192,39,241,72,12,137,144,128,68,18,37,38,2,238,12,62,120,8,31,242,67,63,252,161,135,14,13,0,0,255,31
354.05059814453125,699.8055419921875,161,79,127,191,239,136,252,90,77,235,244,12,5,128,238,159,255,253,127,255,239,223,126,128,0,0,0,216,119,136,255,207,254,35,63,228,65,14,114,200,145,219,239,115,240,255,143,239,99,59,108,193,6,52,216,176,249,253,190,6,3
364.5255432128906,699.6172485351562,52,79,127,3,111,220,62,16,233,255,244,1,163,255,255,254,239,253,97,6,192,195,12,96,128,53,191,155,231,204,255,194,15,0,18,102,255,15,160,253,251,251,253,33,102,203,26,30,0,86,224,255,15,224,253,1,131,255,253,255,63
436.73858642578125,699.6240234375,11,178,128,64,190,119,1,133,246,21,11,159,207,50,230,15,16,0,6,192,55,254,247,191,111,2,0,100,24,115,0,44,193,223,253,187,151,185,12,0,4,100,2,204,15,240,247,62,128,1,48,24,199,120,235,255,199,225,122,255,1
363.4747314453125,709.1027221679688,161,194,255,191,239,0,218,88,12,99,183,12,4,128,238,39,255,254,191,255,247,127,127,128,1,0,0,236,33,252,223,79,239,147,123,114,35,7,57,228,200,233,245,128,119,203,207,247,179,125,182,67,11,66,72,217,250,126,91,184,53
436.7112121582031,708.528076171875,129,242,240,249,190,5,200,203,101,41,18,2,0,128,239,39,222,159,247,255,255,255,127,128,1,0,0,252,59,114,193,111,226,155,120,19,35,1,9,36,76,76,36,136,27,48,208,18,180,196,150,124,249,255,239,91,90,44,9,241,56
399.5262451171875,747.5875854492188,139,31,252,249,190,7,192,239,54,33,91,214,2,126,242,37,92,229,255,255,62,174,114,159,68,0,136,124,128,34,193,255,127,217,40,27,130,177,111,0,124,127,51,140,29,248,126,30,143,240,243,127,255,105,1,2,0,32,104,255,56
368.89483642578125,60.83842468261719,33,255,13,2,128,221,60,149,255,87,135,220,199,113,255,207,17,48,0,0,0,0,240,244,129,3,2,210,245,206,63,142,143,231,247,252,207,15,20,80,176,241,251,255,2,195,17,127,128,15,240,0,255,127,251,247,227,243,255,255,1
430.0592346191406,60.79568862915039,0,236,7,0,16,98,3,0,192,253,82,130,195,123,254,223,2,2,0,0,0,1,1,8,32,192,196,97,188,127,0,128,1,96,0,12,193,1,6,56,240,244,123,127,0,32,0,28,128,7,240,17,143,120,246,237,255,227,249,255,31
374.72161865234375,69.78990173339844,33,127,4,0,128,157,56,183,251,6,237,143,135,97,254,223,16,0,0,128,0,12,112,196,1,2,0,156,199,136,62,238,157,127,247,239,255,14,0,144,189,191,147,247,14,223,49,124,8,15,225,16,254,255,231,135,135,131,241,255,31
424.2344970703125,69.74915313720703,0,140,15,0,0,32,3,32,16,140,248,131,193,112,255,207,15,224,1,16,0,1,0,0,0,0,68,32,8,51,0,0,0,0,4,128,1,8,64,0,49,254,191,103,136,62,0,14,192,3,120,129,7,60,240,224,245,243,255,127,3
325.3495178222656,81.1056137084961,96,13,0,4,0,17,136,70,195,248,129,136,197,48,255,3,0,0,0,0,0,0,0,0,1,2,0,16,188,7,3,152,7,230,193,60,204,99,158,121,48,240,252,255,0,0,0,6,128,1,48,0,3,24,105,210,193,252,127,243,0
473.6494140625,81.10923767089844,64,13,2,4,0,16,216,60,158,255,15,2,135,97,252,63,0,0,0,0,0,0,0,0,1,2,0,0,180,14,15,152,7,230,193,60,204,99,158,249,240,240,248,255,2,1,0,24,0,6,192,0,12,96,133,75,3,239,97,255,62
368.427490234375,83.75426483154297,33,253,13,4,128,159,48,163,251,142,200,143,199,113,238,247,1,32,0,0,0,0,112,200,1,2,0,252,79,153,52,110,153,95,246,203,191,28,97,4,9,47,151,193,204,254,97,122,152,14,211,48,237,255,255,79,79,167,65,255,62
430.5314025878906,83.71117401123047,0,237,3,0,0,32,39,32,48,198,237,131,195,241,255,231,1,0,0,0,0,0,0,0,0,0,64,36,73,249,48,64,24,16,6,194,32,12,97,132,57,59,159,225,204,31,128,7,224,1,60,192,3,94,120,253,255,255,127,51,32
325.7688903808594,103.40369415283203,193,249,12,4,128,19,192,38,195,252,0,143,70,145,238,167,0,32,0,0,0,0,96,128,1,2,0,124,14,17,192,92,33,87,224,10,174,240,127,4,8,40,148,129,12,254,65,114,144,12,146,32,225,251,255,79,75,167,1,255,56
473.2290344238281,103.40132141113281,224,201,3,0,0,0,188,116,158,246,143,1,66,209,239,247,1,0,0,0,0,0,0,0,0,0,0,12,65,200,62,80,88,148,143,242,40,79,121,245,239,3,244,225,255,31,128,1,224,0,28,192,1,30,120,251,251,255,127,0,32
319.5628356933594,117.2488784790039,33,63,4,0,128,17,32,167,243,6,137,15,5,0,244,207,16,0,0,0,0,12,112,132,1,2,0,28,134,0,240,254,145,127,244,143,255,158,4,16,60,62,18,134,0,255,49,104,8,8,1,16,240,253,231,7,5,0,240,255,15
479.4377136230469,117.24923706054688,0,12,15,0,0,0,48,32,24,238,252,3,0,32,255,218,7,160,0,0,0,1,0,0,0,0,4,0,0,0,60,0,64,0,15,224,0,12,112,192,241,251,255,127,254,63,0,1,64,0,8,129,0,4,80,224,245,251,255,15,3
325.3357849121094,126.2273178100586,1,188,12,0,128,17,0,133,243,22,129,159,199,16,254,199,17,32,0,0,0,0,240,132,1,2,0,16,132,0,0,142,129,103,242,76,207,14,0,0,48,48,216,255,0,223,17,126,128,11,112,0,243,123,227,199,195,227,123,255,0
473.6614074707031,126.22600555419922,0,15,7,0,0,0,56,32,88,255,254,3,130,121,255,255,3,32,0,0,0,1,0,0,0,0,4,0,132,0,63,128,17,96,6,204,193,15,126,248,241,255,255,127,0,63,0,16,0,7,224,1,15,120,240,225,251,255,255,255,63
263.6683044433594,142.8076171875,72,224,11,4,0,96,195,12,134,49,31,16,143,99,236,63,0,0,0,0,0,0,0,0,99,206,197,0,24,255,65,24,3,198,192,24,140,225,140,115,64,96,48,252,31,0,192,124,48,7,230,96,142,115,238,255,223,207,97,252,31
535.325439453125,142.78961181640625,225,247,3,4,128,221,184,94,207,123,48,200,229,184,255,3,0,0,0,0,0,0,64,100,145,35,35,252,255,12,31,216,15,246,203,126,236,103,255,255,217,216,253,19,112,1,128,15,224,11,124,192,71,255,255,251,243,253,127,114,1
264.1934509277344,165.5358428955078,33,255,13,2,128,221,60,148,255,87,135,220,199,113,255,207,17,48,0,0,0,0,240,244,129,3,2,208,245,206,63,142,143,231,247,252,207,15,20,80,240,241,251,255,2,195,17,127,128,15,240,0,255,127,251,247,195,243,255,255,1
534.8145141601562,165.54571533203125,0,236,7,0,16,98,3,0,192,253,82,130,195,123,254,223,3,34,0,0,0,1,1,0,32,192,196,97,188,127,0,128,1,96,0,12,193,1,6,56,240,244,251,127,0,32,0,28,128,7,240,17,15,120,246,237,255,227,249,255,31
269.9895935058594,174.52622985839844,33,127,4,0,128,157,56,183,251,6,237,159,135,97,254,223,16,0,0,128,0,12,112,196,1,2,0,156,199,136,62,238,157,127,247,239,255,14,0,144,189,191,147,247,14,223,49,124,8,15,225,16,254,253,231,135,135,131,241,255,31
529.0090942382812,174.5256805419922,0,140,15,0,0,32,3,32,16,140,248,131,193,120,255,207,15,224,1,16,0,1,0,0,0,0,68,32,24,51,0,0,0,0,4,128,1,8,64,0,49,254,191,103,136,62,0,12,192,3,120,129,7,60,240,224,247,243,255,127,3
220.5767364501953,185.8778839111328,96,13,0,4,0,17,128,70,195,248,129,136,68,16,255,3,0,0,0,0,0,0,0,0,1,2,0,16,188,7,3,152,7,230,193,60,204,99,158,121,48,240,252,255,0,0,0,6,128,1,48,0,3,24,105,210,193,252,127,243,0
578.4205932617188,185.87765502929688,64,13,2,4,0,16,248,60,158,255,15,2,6,65,252,63,0,0,0,0,0,0,0,0,1,2,0,0,180,14,15,152,7,230,193,60,204,99,158,249,240,240,248,255,0,1,0,24,0,6,192,0,12,96,133,75,3,239,97,255,62
263.7774353027344,188.39544677734375,33,253,13,4,128,159,48,163,251,142,200,143,199,113,238,247,1,32,0,0,0,0,112,192,1,2,0,252,79,153,52,126,153,95,246,203,191,12,97,132,9,47,151,193,205,254,97,122,152,14,211,48,253,255,255,79,79,167,97,255,62
535.227783203125,188.40304565429688,0,237,3,0,0,32,39,32,48,198,237,131,195,241,255,231,1,32,0,0,0,0,0,0,0,0,64,36,73,249,48,64,24,16,6,194,32,12,97,132,57,59,159,161,204,31,128,7,224,1,60,192,3,30,120,253,255,255,127,51,32
220.97958374023438,208.2093048095703,193,249,12,4,128,19,192,38,195,252,0,143,70,145,238,167,0,32,0,0,0,0,96,128,1,2,0,124,14,17,192,92,49,87,228,138,174,248,127,4,8,40,180,129,13,254,65,98,144,8,18,32,225,251,255,79,75,167,1,255,56
578.0149536132812,208.20201110839844,224,205,3,0,0,0,188,116,158,246,143,1,66,209,239,247,1,0,0,0,0,0,0,0,0,0,0,12,65,200,63,80,92,20,143,226,40,78,121,245,255,3,244,161,255,31,128,1,224,0,28,192,1,30,120,251,251,255,127,0,32
214.77000427246094,222.02919006347656,33,63,4,0,128,17,32,167,243,6,129,15,5,0,244,207,16,0,0,0,0,12,112,132,1,2,0,28,134,0,240,254,145,127,244,143,255,158,4,16,60,62,18,132,0,255,49,96,8,8,1,16,240,255,231,7,5,0,240,255,15
584.228759765625,222.02987670898438,0,12,15,0,0,0,48,32,24,238,254,3,0,32,255,218,7,32,0,0,0,1,0,0,0,0,4,0,0,0,60,0,80,0,14,192,0,12,96,192,209,251,255,127,254,63,0,1,64,0,8,129,0,4,80,224,245,251,255,15,3
220.5669403076172,230.9944610595703,1,188,12,0,128,17,32,133,243,22,129,159,199,16,254,199,17,32,0,0,0,0,240,132,1,2,0,16,132,0,32,142,129,103,242,76,207,14,0,0,48,48,216,255,0,223,17,126,128,11,112,0,241,123,227,199,195,227,123,255,0
578.4364624023438,230.99635314941406,0,15,7,0,0,0,48,32,88,255,254,3,130,121,255,255,3,32,0,0,0,1,0,0,0,0,4,0,132,0,55,128,17,96,6,204,193,15,126,248,241,255,255,127,0,62,0,16,0,7,224,1,15,120,240,225,251,255,255,255,63
158.96005249023438,247.50355529785156,72,224,11,4,0,96,195,12,134,49,31,0,143,97,236,63,0,0,0,0,0,0,0,0,99,206,197,0,24,255,65,24,3,198,192,24,140,225,140,115,64,96,48,188,31,0,192,124,48,7,230,96,142,115,238,255,223,207,99,252,31
640.0400390625,247.504150390625,225,247,3,4,128,221,184,94,207,123,48,136,229,176,255,3,0,0,0,0,0,0,64,228,145,35,35,252,255,12,31,216,15,246,203,126,236,103,255,255,217,216,253,19,112,1,192,15,240,11,126,224,103,255,255,251,251,253,27,114,1
159.45323181152344,270.2804260253906,33,255,13,2,128,221,60,149,255,87,143,220,199,113,255,207,17,48,0,0,0,0,240,244,129,3,2,208,245,206,63,142,143,231,247,252,207,15,20,88,176,241,251,255,2,195,17,127,128,15,240,0,255,127,251,247,227,243,255,255,3
639.5468139648438,270.278076171875,0,236,7,0,16,98,3,0,64,253,80,130,195,123,254,223,3,34,0,0,0,1,1,8,32,192,196,97,188,127,0,128,1,96,0,12,193,1,6,56,240,240,122,127,0,32,0,28,128,7,240,17,15,120,246,237,255,227,249,255,31
165.255615234375,279.2690734863281,33,127,4,0,128,157,56,183,251,6,237,143,135,97,254,223,24,0,0,128,0,12,112,196,1,2,0,156,199,136,62,38,157,127,247,239,255,14,4,144,189,191,147,245,14,31,33,124,8,15,225,16,254,255,231,135,135,131,241,255,31
633.7476806640625,279.2684020996094,0,140,15,0,0,32,3,32,16,140,248,131,193,112,255,207,15,224,1,0,0,3,0,0,0,0,68,32,24,51,0,0,0,0,4,128,3,8,64,0,17,126,191,103,136,62,0,14,192,11,120,128,7,60,240,224,253,251,255,127,1
115.83098602294922,290.6421813964844,96,13,0,4,0,17,56,70,195,248,129,128,68,16,255,3,0,0,0,0,0,0,0,0,1,2,0,16,252,15,7,152,23,230,197,188,204,107,222,121,49,240,254,255,0,32,0,6,128,1,48,0,3,24,105,210,195,252,127,243,0
683.1659545898438,290.639892578125,64,13,10,4,0,16,64,60,158,255,15,10,6,65,252,63,0,0,0,0,0,0,0,0,1,2,0,0,188,15,11,154,135,230,209,60,205,99,158,249,176,240,248,255,0,193,1,24,0,6,192,0,12,96,165,75,3,231,97,255,62
159.01528930664062,293.1436462402344,33,252,13,4,128,155,48,0,219,222,200,131,199,113,238,247,29,32,0,0,0,0,112,192,1,2,0,252,79,152,52,0,128,87,246,202,175,12,64,0,9,43,191,225,204,62,64,88,152,14,211,48,237,251,255,79,79,167,97,255,62
639.9790649414062,293.1330871582031,0,239,3,0,0,32,37,36,242,215,205,139,199,241,255,231,0,32,0,0,0,3,0,0,0,0,64,36,9,249,48,64,24,16,6,194,255,15,97,148,59,43,159,225,204,31,129,71,224,9,60,64,3,30,120,255,255,255,127,51,32
116.20800018310547,312.9884033203125,128,246,4,0,128,1,64,18,233,111,240,140,68,144,239,103,0,0,0,0,0,15,32,128,0,0,0,252,10,112,64,204,10,179,98,86,255,191,235,164,8,253,175,0,245,90,64,10,144,2,82,40,237,255,255,111,75,183,129,221,24
682.800048828125,313.0020446777344,33,194,15,0,128,0,56,192,182,5,31,2,2,193,238,247,95,112,0,0,0,0,112,0,0,2,0,220,1,232,55,0,128,220,154,91,185,5,0,183,239,7,1,160,79,218,129,118,32,5,132,64,136,94,122,255,255,123,127,176,53
158.42758178710938,324.3654479980469,37,174,253,7,128,31,88,31,224,59,3,148,129,50,246,207,253,125,7,10,0,0,240,255,129,2,0,220,181,78,207,221,13,0,224,110,238,118,63,0,170,161,253,180,6,203,35,13,64,3,104,144,134,52,254,254,255,211,188,103,11
221.58547973632812,324.3673095703125,160,127,3,0,110,0,30,216,31,99,183,204,3,248,255,31,0,0,0,48,0,255,14,0,0,0,28,139,34,228,31,0,8,128,250,255,0,197,127,255,255,195,253,62,119,202,1,119,192,5,0,128,235,255,255,251,227,254,255,175,53
263.185302734375,324.3562316894531,1,160,253,5,128,23,72,15,224,41,18,150,3,114,238,223,221,101,7,8,0,0,240,159,1,2,0,92,144,34,193,93,7,0,224,42,174,114,29,0,10,8,116,128,47,225,0,22,0,0,32,16,139,88,230,255,255,99,121,255,37
326.3688049316406,324.3486633300781,160,127,3,0,238,0,30,216,63,99,191,204,3,248,255,15,0,0,0,48,0,255,14,0,0,0,188,139,34,228,31,0,8,0,250,255,0,197,127,255,255,195,253,190,119,202,17,118,132,5,0,8,235,255,255,255,131,254,255,191,37
367.89373779296875,324.34832763671875,1,162,253,5,128,23,72,11,224,41,16,150,3,114,238,223,255,111,7,8,0,0,240,159,1,2,0,92,144,34,193,92,5,0,224,42,174,242,29,0,10,8,116,128,47,225,35,22,0,0,32,17,11,24,230,255,255,99,120,255,33
431.0599670410156,324.34906005859375,160,127,3,0,110,0,30,216,63,99,191,204,3,248,255,15,0,0,0,48,0,255,12,0,0,0,28,137,34,196,31,0,8,0,250,255,0,197,127,255,255,195,253,188,119,202,1,119,192,5,0,0,234,255,255,255,227,255,255,175,53
472.63397216796875,324.3494567871094,1,162,253,5,128,7,72,11,224,41,16,150,3,114,238,223,223,103,6,8,0,0,112,151,1,2,0,252,144,34,193,93,5,0,224,34,174,242,29,0,138,8,84,128,47,225,35,30,0,0,32,1,11,80,238,255,255,99,121,255,37
535.8096923828125,324.355224609375,160,127,3,0,110,0,30,216,31,99,183,204,3,248,255,15,0,0,0,48,0,119,4,0,0,0,188,139,34,64,15,128,8,32,250,255,64,196,127,255,255,211,253,62,116,202,17,119,196,5,0,0,234,255,255,255,131,254,255,191,53
577.415283203125,324.3660888671875,1,160,253,5,128,23,72,15,224,41,18,150,3,114,238,207,221,101,7,8,0,0,112,151,1,2,0,92,144,34,193,92,5,0,224,42,174,242,29,0,10,8,116,128,15,225,3,6,0,0,32,1,3,24,230,255,255,99,121,255,33
640.5732421875,324.3684387207031,0,118,3,0,126,0,15,200,31,249,55,76,131,104,255,30,0,0,0,48,0,119,7,0,0,0,220,67,58,246,3,1,66,128,248,255,0,81,94,57,255,67,252,95,17,240,0,61,64,7,96,128,238,255,255,255,163,223,245,238,15
127.23970794677734,324.75177001953125,67,168,236,4,128,51,192,34,64,220,224,3,220,193,204,255,255,231,255,8,0,0,112,136,33,2,0,32,14,17,192,79,57,2,64,0,165,32,133,20,1,184,255,129,12,63,96,224,191,255,227,50,176,97,6,12,15,3,0,255,63
671.7548217773438,324.7503356933594,160,79,3,0,70,128,188,245,191,150,207,139,244,129,111,3,0,0,0,240,128,255,12,0,0,2,2,2,65,136,63,66,221,254,255,255,165,15,192,255,233,235,247,229,143,63,136,71,230,249,255,196,115,190,121,48,240,252,255,0,0
112.29540252685547,328.91156005859375,1,6,44,0,128,1,0,0,225,15,240,255,75,123,242,231,9,96,0,0,0,0,112,143,0,0,8,60,0,0,64,68,0,17,32,11,179,156,101,0,108,255,7,128,13,254,255,255,131,22,16,7,13,0,160,65,195,247,249,255,56
169.4043731689453,328.8764343261719,0,6,3,0,6,0,48,192,191,16,143,3,228,241,255,71,6,0,0,48,0,7,16,0,0,0,60,12,0,0,53,16,128,221,191,255,187,79,0,151,254,3,0,128,15,30,1,64,0,122,248,0,16,124,240,225,227,251,255,255,31
210.60960388183594,328.8760986328125,37,18,252,4,128,17,64,2,224,15,240,27,207,3,224,255,255,127,38,0,0,0,240,255,25,2,0,28,6,0,207,78,0,0,96,2,63,63,1,0,8,204,231,1,255,62,3,224,143,31,240,1,0,128,227,197,199,227,249,255,39
274.1619567871094,328.8728332519531,0,6,2,0,78,0,48,192,191,7,255,67,228,185,255,64,6,0,0,48,0,255,31,0,0,0,252,15,0,0,33,0,128,217,255,255,179,15,0,22,254,239,3,128,15,26,0,64,4,255,248,8,80,124,225,227,3,248,255,255,31
315.353759765625,328.8627624511719,37,18,124,4,128,17,96,2,224,15,240,27,206,3,224,255,255,127,38,8,0,0,240,255,25,2,0,28,6,0,229,78,28,0,96,2,63,63,1,0,8,204,231,1,255,31,3,224,143,31,240,1,0,128,227,193,199,227,249,255,15
378.8949279785156,328.8689880371094,0,6,2,0,78,0,48,192,191,7,255,67,228,185,255,64,6,0,0,48,0,255,31,0,0,0,124,15,0,0,24,0,128,216,251,255,179,15,0,246,255,239,3,128,15,11,0,64,4,251,248,8,80,124,225,227,3,248,255,255,15
420.06219482421875,328.8691101074219,37,18,252,5,128,17,64,2,224,15,240,27,206,3,224,255,255,127,38,0,0,0,240,255,25,2,0,28,6,0,207,78,4,0,96,2,63,63,1,0,8,204,231,1,255,37,3,224,143,31,240,1,0,128,227,197,199,227,249,255,7
483.64788818359375,328.8639221191406,0,6,2,0,78,0,48,192,191,7,255,67,228,153,255,64,6,0,0,48,0,255,31,0,0,0,252,7,0,0,0,0,128,216,255,255,177,15,0,246,255,239,3,128,15,32,0,64,4,255,248,8,80,124,225,227,3,248,255,255,15
524.8363037109375,328.8730163574219,37,18,124,4,128,17,96,2,224,15,240,27,207,3,224,255,255,127,38,0,0,0,240,247,25,2,0,28,6,0,199,78,8,0,96,2,63,63,1,0,8,204,231,1,255,11,3,224,143,31,240,1,0,128,227,197,199,227,249,255,7
588.3904418945312,328.8759460449219,0,6,2,0,14,0,48,192,191,7,255,67,228,185,255,64,6,0,0,48,0,255,31,0,0,0,252,13,0,0,0,0,128,217,252,255,179,15,0,54,255,239,3,128,15,48,0,64,4,251,248,8,80,124,241,227,3,248,255,255,15
629.595458984375,328.8760070800781,33,50,108,4,128,17,96,58,224,255,240,139,207,1,238,255,153,96,6,0,0,0,112,135,25,2,0,28,6,0,126,4,0,1,96,2,62,255,127,0,8,200,231,1,255,1,0,224,159,15,240,0,240,249,227,193,199,227,249,255,7
686.7008056640625,328.91107177734375,32,22,6,0,132,0,56,128,254,7,255,215,99,127,255,244,0,0,0,0,0,6,176,67,0,0,28,10,2,128,63,6,128,17,183,243,251,15,0,0,254,207,231,161,255,223,30,30,132,132,176,255,79,216,225,195,2,224,127,255,52
104.0238037109375,332.9581298828125,33,198,47,0,128,0,48,128,112,6,248,223,11,58,240,202,223,97,0,0,0,0,112,131,0,0,0,28,2,0,48,4,0,1,40,195,50,156,115,0,252,255,3,0,238,255,239,255,73,19,9,147,0,0,18,228,255,19,254,15,7
694.9766235351562,332.9571838378906,0,246,4,0,132,1,32,161,249,7,252,87,35,122,245,88,0,0,0,0,0,7,48,128,0,0,24,12,0,0,112,102,152,25,182,227,255,31,0,0,254,143,3,64,254,127,48,8,12,128,97,190,255,255,247,135,5,0,252,111,15
67.44773864746094,339.0321044921875,64,13,10,4,0,16,88,28,142,251,7,8,6,65,252,63,0,0,0,0,0,0,0,0,1,2,0,0,180,14,15,154,135,230,209,60,205,99,158,249,240,240,248,255,0,193,1,24,0,6,192,0,12,96,133,75,3,239,97,255,62
89.7906723022461,339.4010314941406,33,194,15,0,128,0,56,192,190,6,143,141,64,144,238,231,31,96,0,0,0,0,112,0,0,2,0,12,65,200,63,0,128,28,158,227,57,14,0,247,239,3,132,161,255,223,135,247,224,16,28,193,1,2,120,255,255,251,127,0,32
709.2109985351562,339.40362548828125,128,246,4,0,128,1,64,34,225,239,112,7,2,193,239,55,0,0,0,0,0,7,32,128,0,0,0,124,10,16,64,76,16,19,100,130,255,191,127,4,8,252,183,129,221,254,80,0,20,128,2,56,237,255,255,79,11,164,1,255,62
731.5540161132812,339.0320129394531,96,13,0,4,0,17,8,78,199,249,3,128,68,16,255,3,0,0,0,0,0,0,0,0,1,2,0,16,188,7,3,152,7,230,193,60,204,99,158,121,112,240,252,255,0,0,0,6,128,1,48,0,3,24,105,210,193,252,127,243,0
111.95757293701172,339.6771545410156,1,174,44,0,128,1,0,0,224,7,236,3,160,127,255,222,127,97,2,0,0,0,48,128,0,0,32,16,132,0,96,134,1,0,48,237,243,31,6,0,252,255,27,254,0,15,0,160,157,135,225,123,223,120,227,223,7,0,120,255,55
687.0444946289062,339.6781311035156,0,94,7,0,132,0,56,128,255,135,248,255,207,0,246,207,0,0,0,0,0,159,240,4,0,0,0,0,134,0,62,6,128,33,252,255,251,31,0,0,254,243,251,127,240,254,255,159,192,155,248,129,15,128,249,227,227,251,255,15,0
422.8999328613281,612.2993774414062,33,50,8,20,128,1,24,129,224,7,126,142,3,112,254,63,13,96,7,104,0,0,112,128,0,0,0,28,2,0,39,0,224,251,23,0,53,0,128,230,9,252,7,128,255,56,45,126,203,111,249,2,176,124,0,0,236,227,253,255,31
373.1238708496094,612.9917602539062,32,54,40,20,128,0,0,128,253,7,254,132,3,112,255,71,13,64,3,232,0,6,112,0,0,0,0,28,2,0,138,2,160,251,23,0,247,15,0,4,236,255,7,128,255,202,45,31,2,72,249,148,191,252,242,1,228,227,253,255,10
395.7945251464844,624.1109008789062,63,22,254,251,255,221,90,137,100,39,122,30,3,0,244,222,255,191,255,231,255,255,255,255,64,128,168,213,180,110,71,174,150,169,116,181,87,139,10,42,84,254,3,126,240,240,247,56,5,0,0,11,80,0,1,190,3,8,2,224,63
404.278564453125,624.9655151367188,30,6,246,251,126,96,11,192,109,107,240,4,0,8,119,192,254,159,251,247,255,255,31,32,128,0,253,195,54,102,11,130,132,32,121,101,81,2,18,202,148,213,73,122,240,195,18,2,0,0,0,237,1,128,189,122,64,252,11,17,8
395.76519775390625,635.0670776367188,55,2,254,191,40,85,24,137,36,3,54,0,0,10,81,200,255,255,127,239,107,130,244,119,16,32,169,213,180,14,207,178,166,172,145,5,89,131,0,251,246,21,0,126,112,65,218,0,0,248,15,239,0,128,29,26,0,28,2,0,10
404.0518798828125,634.5496826171875,152,22,6,129,126,85,10,136,109,35,118,12,0,0,80,88,12,12,2,227,106,255,127,181,192,128,169,213,176,102,15,132,2,171,105,117,86,183,58,40,212,252,107,122,240,128,0,32,0,0,0,72,208,63,143,254,1,12,2,64,11
413.1217346191406,644.8582763671875,62,22,240,251,255,0,62,202,77,41,114,4,0,40,245,74,238,159,123,247,255,255,47,144,64,0,252,95,149,42,39,199,202,177,58,86,99,21,43,160,88,221,237,42,117,200,24,8,0,128,64,172,102,181,247,3,1,213,160,111,11
375.0693054199219,647.7252807617188,128,63,0,24,6,0,65,59,224,239,122,31,11,2,240,62,0,224,27,96,1,23,176,128,0,0,12,0,0,49,128,12,160,251,7,0,255,191,126,0,0,252,179,255,221,62,109,120,91,110,203,16,240,109,2,12,108,3,128,207,62
398.5718688964844,653.6965942382812,128,2,18,156,34,64,26,129,228,7,118,0,188,129,157,248,111,236,11,115,96,7,6,128,0,0,140,193,48,102,15,32,160,251,23,1,255,143,128,234,68,252,3,126,115,0,4,224,255,124,31,134,48,4,0,0,124,30,132,0,56
370.9745178222656,657.9833984375,128,143,3,8,2,0,65,61,224,135,255,223,3,122,248,62,0,32,26,0,0,54,176,129,6,0,76,4,0,179,160,36,59,239,7,0,255,255,126,0,244,247,3,254,205,254,195,31,0,0,0,193,15,0,253,255,251,255,255,238,55
404.7690734863281,662.4354858398438,160,194,11,156,128,0,26,129,236,7,126,68,0,156,51,96,205,65,83,248,78,34,48,7,4,40,56,221,129,0,31,2,224,255,23,0,255,15,128,238,213,252,3,58,242,129,128,34,160,0,20,224,17,79,60,255,251,255,15,16,48
385.3713684082031,668.7086791992188,183,54,236,243,253,223,124,175,245,165,90,254,3,16,187,225,221,125,119,231,238,238,254,255,217,161,162,255,247,174,247,239,31,209,116,187,183,187,93,32,236,254,119,141,31,240,255,247,191,237,48,14,240,218,1,0,0,104,91,187,32
372.6933898925781,670.58544921875,0,230,11,4,0,0,71,1,160,7,95,130,195,121,255,31,1,224,1,8,0,0,16,0,0,0,12,0,0,242,1,0,192,152,24,219,1,1,128,255,109,255,35,136,31,184,5,255,235,39,0,2,159,126,0,244,255,243,255,255,8
420.8243713378906,677.5475463867188,32,182,0,0,128,5,8,193,255,7,244,140,199,113,255,15,0,0,1,232,0,6,112,0,0,0,0,252,167,0,10,66,224,187,119,247,119,15,128,110,152,252,79,0,242,97,13,94,130,233,253,4,243,255,224,65,228,227,255,255,32
374.2583923339844,689.8397216796875,160,230,3,0,230,0,31,137,254,39,63,196,99,120,255,1,0,160,3,32,0,247,62,0,0,0,252,207,33,238,31,38,135,217,187,255,251,15,0,82,254,239,81,156,47,65,208,15,64,145,126,233,71,191,255,255,243,253,191,35,1
422.858642578125,689.8671264648438,1,242,15,0,128,15,10,192,127,43,112,252,15,67,248,255,29,4,0,200,0,0,240,255,1,0,0,252,62,114,1,0,192,179,253,255,2,16,9,0,216,252,111,1,177,224,243,124,24,14,65,0,128,227,255,255,159,131,32,252,31
447.09716796875,697.06396484375,67,224,253,253,180,103,195,205,36,1,27,130,251,255,255,207,127,238,151,251,50,0,3,24,96,192,192,228,152,119,193,33,98,8,8,1,16,128,28,114,244,244,2,222,19,32,254,159,255,247,255,255,255,249,227,198,129,193,120,255,3
353.4676818847656,697.9557495117188,244,242,115,187,239,204,254,219,77,107,244,252,255,113,238,31,30,152,7,246,196,207,126,224,129,1,3,219,119,236,223,255,254,191,255,247,127,3,18,72,144,208,108,26,242,225,255,255,255,255,255,255,15,36,208,161,243,255,255,78,15
445.9527282714844,707.7476196289062,31,230,255,211,253,239,71,0,224,15,128,211,255,127,255,199,255,127,250,15,60,0,163,255,254,249,253,255,190,51,192,100,0,0,32,0,255,191,7,0,60,60,2,0,0,62,30,254,255,255,254,207,15,120,224,195,195,255,255,255,1
366.0749816894531,710.2077026367188,224,242,51,249,255,68,223,207,36,33,19,252,223,113,238,31,28,140,7,243,230,111,127,48,193,130,129,237,113,254,199,127,239,223,251,123,191,7,25,100,200,232,244,136,55,192,255,255,255,255,255,255,15,80,232,209,243,255,127,250,39
434.0820007324219,709.74853515625,225,226,255,255,165,79,218,219,13,41,50,128,243,255,239,255,223,254,167,255,100,0,6,48,192,128,129,253,123,246,203,65,98,144,8,18,32,1,29,118,236,236,117,136,55,0,254,159,255,247,255,255,255,249,229,203,67,231,105,255,30
372.34381103515625,689.2486572265625,160,230,1,0,246,4,31,137,254,39,31,196,97,120,255,1,0,32,1,32,0,247,62,0,0,0,252,207,33,238,31,34,135,221,179,255,251,15,0,114,254,239,65,156,47,65,144,15,64,145,127,249,71,190,255,255,243,253,190,35,1
425.1676025390625,689.374755859375,1,242,15,0,128,79,11,192,255,47,48,252,11,67,248,247,29,4,0,72,0,0,240,255,1,0,0,248,126,118,3,0,192,179,249,255,34,17,9,0,216,252,239,1,243,192,243,125,56,6,129,16,140,227,255,255,159,3,96,236,63
366.2264404296875,91.2770767211914,225,239,15,6,129,221,124,46,215,255,11,131,192,176,255,199,31,240,3,28,128,1,8,64,0,1,2,254,255,239,183,64,63,208,7,250,160,239,253,247,233,235,247,165,15,31,0,2,128,10,120,128,135,255,254,253,255,255,253,127,8
432.73455810546875,91.2377700805664,64,248,3,0,16,102,7,68,138,250,133,13,135,65,238,63,0,2,128,160,16,14,113,8,33,66,64,32,120,255,192,93,11,87,234,74,174,116,173,5,8,8,252,129,77,218,33,124,8,15,160,0,216,127,254,255,255,195,123,255,55
328.6697082519531,93.78953552246094,65,249,0,0,0,51,65,6,195,184,0,139,199,113,238,7,0,32,0,0,0,8,64,128,33,66,0,112,158,51,128,216,33,118,192,14,236,96,199,61,33,56,188,133,0,60,64,62,144,7,242,32,79,249,239,207,203,231,57,255,11
470.3113708496094,93.73711395263672,96,205,15,4,0,152,60,124,158,247,175,141,199,241,239,255,3,64,0,8,0,0,0,0,1,2,2,0,97,204,63,0,189,198,215,248,141,111,252,253,163,163,255,253,79,207,131,158,160,31,244,65,15,122,233,251,211,255,127,254,15
317.82513427734375,115.89149475097656,0,62,0,0,136,17,0,6,227,255,1,143,199,113,238,7,0,0,0,208,0,15,96,128,1,2,0,60,140,17,0,76,1,83,240,222,255,127,77,20,40,40,252,129,9,124,17,94,132,143,240,0,103,248,225,195,195,231,121,255,0
481.1737060546875,115.89009094238281,33,12,31,4,0,0,56,0,158,255,239,1,195,113,255,255,63,240,3,8,0,0,16,0,0,0,0,0,66,136,63,0,0,0,182,232,139,78,116,209,227,35,255,255,207,63,2,156,0,23,224,1,14,112,224,193,227,251,255,255,63
327.63702392578125,128.12701416015625,1,252,4,0,128,119,1,135,227,28,129,143,199,113,254,95,0,0,0,128,0,14,113,136,1,2,0,224,188,127,64,188,1,111,224,141,255,248,70,0,32,52,24,198,0,255,33,126,136,15,241,0,246,255,239,223,199,227,121,255,3
471.3597717285156,128.1189422607422,33,207,15,4,0,136,62,48,28,255,254,131,193,241,255,207,31,240,1,0,0,0,0,0,0,0,0,130,247,206,127,128,30,0,128,244,72,79,122,249,251,211,255,127,254,63,0,8,128,7,248,128,15,124,248,249,251,255,255,255,31
261.00396728515625,149.03286743164062,245,247,64,163,233,223,60,191,255,79,176,140,64,144,255,7,16,25,70,238,232,140,124,246,145,35,35,250,255,142,191,250,189,126,215,239,255,174,147,223,153,156,77,18,96,199,0,34,128,0,0,0,241,255,255,255,255,111,26,115,0
538.0059814453125,149.05857849121094,225,242,0,4,128,93,152,90,77,123,50,136,197,176,119,3,0,0,0,8,0,0,64,164,145,34,1,220,247,68,15,216,70,182,201,54,108,115,187,237,216,216,252,18,114,1,192,68,48,9,38,96,226,191,255,254,153,220,18,96,3
261.40838623046875,162.0065155029297,53,255,64,162,249,255,60,215,255,15,160,205,71,128,255,3,0,24,68,198,232,142,127,254,209,35,3,251,255,207,63,222,157,127,255,239,255,14,18,72,176,184,220,23,32,199,225,111,160,9,0,0,240,255,255,255,255,107,62,115,0
537.5967407226562,161.9827117919922,10,204,159,207,18,226,7,0,0,229,127,3,0,127,238,255,111,254,139,27,49,1,3,24,226,196,205,99,248,255,64,0,0,0,0,136,128,8,92,114,245,246,115,255,11,52,0,0,0,0,198,96,142,123,254,253,255,207,65,252,63
271.5884704589844,175.82565307617188,176,63,0,34,253,159,60,247,255,71,173,141,5,0,255,15,28,144,71,246,216,239,127,196,1,1,0,254,239,141,62,254,221,255,255,255,255,15,37,222,188,191,151,164,68,207,1,46,0,0,0,0,240,255,243,199,195,225,253,255,8
527.4117431640625,175.82513427734375,3,8,190,76,18,34,199,0,0,184,88,7,0,64,238,255,255,246,143,249,49,31,3,8,32,64,68,32,88,251,224,1,16,0,0,0,0,8,64,0,65,82,186,111,153,252,0,0,0,0,0,0,0,112,226,229,239,227,253,255,31
223.2040252685547,187.8506317138672,64,189,0,0,0,51,0,6,195,184,1,131,197,176,239,7,0,0,0,0,0,0,64,0,33,66,0,112,158,51,0,152,1,102,192,12,204,96,198,61,49,48,188,71,0,60,0,14,128,3,112,0,71,248,239,223,195,231,121,255,1
575.7922973632812,187.85040283203125,96,77,15,4,0,144,60,60,158,255,175,1,135,225,238,255,1,96,0,8,0,0,0,0,1,2,0,0,225,204,63,26,189,70,215,232,141,110,244,249,161,163,251,255,79,207,3,220,0,31,224,1,14,112,233,211,211,255,127,255,63
261.3804626464844,196.14149475097656,225,239,15,6,129,221,60,46,215,253,11,131,192,176,255,199,31,240,3,124,128,1,8,192,0,1,2,254,255,239,55,64,31,208,7,250,160,239,253,247,233,239,247,165,15,31,0,2,128,2,112,128,167,255,254,253,255,255,253,127,8
537.6143798828125,196.13282775878906,0,204,143,4,0,234,39,0,0,254,239,3,128,113,254,255,15,246,129,24,16,0,0,0,32,64,198,227,121,255,48,0,8,0,2,64,32,12,97,180,121,123,255,161,205,30,0,0,0,5,224,192,143,126,250,253,255,251,127,238,39
224.06838989257812,198.10739135742188,65,249,0,0,0,51,65,6,195,184,0,131,199,113,238,15,0,32,0,0,0,8,64,128,33,66,0,112,158,51,128,216,33,118,192,14,236,96,199,61,33,56,188,135,0,60,64,62,144,7,242,32,207,249,239,223,203,231,121,255,11
574.929931640625,198.0961151123047,96,77,15,4,0,152,60,124,158,247,175,129,199,241,239,255,3,64,0,8,0,0,0,0,1,2,2,0,225,204,63,0,253,198,215,248,141,111,244,253,163,163,255,253,79,207,131,222,160,31,244,65,15,122,249,251,243,255,127,254,15
213.07427978515625,220.6992950439453,0,63,0,0,136,17,0,6,227,255,1,143,199,113,238,7,0,0,0,192,0,15,96,128,1,2,0,60,140,17,0,76,1,83,240,222,255,127,79,20,40,40,252,129,9,252,17,126,132,143,240,0,103,248,225,195,195,231,121,255,0
585.9242553710938,220.69944763183594,33,12,31,4,0,0,56,0,158,255,239,1,195,113,255,255,63,240,3,8,0,0,16,0,0,0,0,0,64,136,63,0,0,0,182,232,139,78,116,209,227,3,255,255,207,63,2,156,0,23,224,1,14,112,192,193,227,255,255,255,63
222.92807006835938,232.9440460205078,1,252,4,0,128,119,1,135,227,24,129,143,199,113,238,95,0,0,0,128,0,14,113,136,1,2,0,96,188,127,64,156,1,103,240,141,255,248,70,0,32,48,24,198,0,255,33,126,136,15,241,0,246,255,239,223,199,227,121,255,3
576.0728149414062,232.9441680908203,33,207,15,4,0,136,62,48,28,255,255,131,195,113,255,223,31,240,1,0,0,0,0,0,0,0,0,130,247,206,127,128,28,0,0,252,192,79,126,249,251,243,255,127,254,63,0,8,128,7,240,0,15,124,240,249,251,255,255,255,31
156.2722930908203,253.69027709960938,192,194,11,4,0,64,203,141,166,49,31,0,135,97,204,190,1,96,0,0,0,0,0,0,67,142,128,64,16,247,195,59,135,206,209,57,157,227,156,115,228,228,32,220,59,32,192,104,48,10,70,96,4,35,220,255,191,223,35,192,31
642.736328125,253.71377563476562,225,242,0,4,128,93,152,90,77,123,48,136,197,176,119,3,0,0,0,8,0,0,64,36,145,34,1,220,247,68,15,216,70,182,201,54,108,99,187,237,152,152,252,18,114,1,192,68,48,9,38,96,194,191,255,254,153,220,18,96,3
156.57131958007812,266.8070983886719,53,254,68,163,249,255,60,192,255,95,160,205,71,0,255,199,28,31,68,198,232,142,127,254,241,35,3,251,255,207,63,0,128,119,255,255,255,30,2,8,176,176,220,23,32,199,129,102,160,9,0,0,240,255,255,255,255,107,126,115,0
642.4298706054688,266.8055725097656,10,206,159,75,50,226,71,0,224,183,95,3,0,115,254,255,111,254,139,19,49,19,7,24,98,196,205,99,248,255,64,0,16,0,0,128,223,15,92,114,245,246,115,255,139,52,0,0,0,4,194,96,140,127,254,253,255,159,65,204,63
166.9473876953125,280.6537170410156,53,30,100,50,237,159,60,192,255,7,173,141,5,0,255,207,30,27,71,246,216,239,125,228,1,3,0,252,239,141,62,2,224,255,255,255,255,15,0,222,252,255,151,164,68,207,1,110,0,8,0,0,96,252,243,227,195,243,253,255,10
632.0526733398438,280.6517028808594,11,14,190,72,22,34,71,0,224,175,120,3,0,96,254,223,255,254,143,245,49,31,3,8,32,64,196,32,88,251,224,0,16,0,4,128,247,15,64,0,97,254,187,239,153,60,0,0,0,0,0,0,14,112,226,229,231,227,253,255,31
118.47315979003906,292.5747985839844,0,172,0,0,0,50,1,2,65,168,80,131,193,240,239,7,0,0,0,0,0,0,0,0,32,64,64,96,190,51,0,136,0,34,64,4,68,32,130,172,16,248,255,3,208,24,0,14,128,3,112,0,7,184,239,223,203,239,57,255,1
680.5247192382812,292.57659912109375,33,95,15,4,0,153,60,189,190,7,175,141,135,225,238,255,1,96,0,8,0,0,112,64,1,2,0,132,225,204,63,58,191,206,215,249,157,15,128,251,229,231,131,254,79,222,1,92,0,15,224,0,94,122,233,211,211,255,127,255,63
156.7397003173828,300.7466125488281,39,254,252,3,192,255,60,128,247,191,27,142,135,0,254,207,255,63,7,196,128,14,250,255,1,3,2,252,255,255,119,46,27,0,240,223,255,157,44,32,100,103,179,236,29,216,99,126,128,11,64,0,128,249,255,239,207,231,249,255,11
642.2604370117188,300.7423095703125,8,206,135,0,126,226,7,0,232,127,167,0,128,112,255,223,14,182,129,48,16,255,15,0,32,64,252,99,121,255,32,0,8,0,250,254,227,5,33,172,120,121,253,33,85,10,0,0,0,1,224,192,207,126,251,255,243,251,127,238,7
119.11908721923828,303.3950500488281,0,236,1,0,16,34,67,2,97,175,112,131,193,240,255,7,0,0,0,0,0,5,1,128,32,64,192,104,58,115,0,200,0,50,64,6,103,45,195,44,1,252,191,3,208,60,64,14,144,3,114,105,79,249,255,255,203,239,57,255,1
679.8726196289062,303.37066650390625,33,238,15,6,128,157,60,192,190,7,175,157,135,97,238,255,29,112,0,8,0,0,112,96,1,2,2,220,225,204,63,2,128,222,215,251,189,15,128,247,167,167,211,244,79,207,247,127,32,15,228,64,14,122,233,255,211,235,127,254,31
154.94664001464844,319.0168151855469,37,230,239,7,128,223,126,58,224,239,248,143,135,97,238,255,221,127,6,14,0,0,112,255,129,3,0,252,119,238,255,207,23,0,96,190,230,59,95,0,184,254,126,83,170,229,163,126,0,15,192,0,140,122,254,255,255,235,127,254,31
224.68075561523438,319.3731689453125,128,246,1,0,254,102,7,200,63,33,27,134,193,240,255,7,0,0,0,48,0,255,15,0,0,0,252,239,58,247,0,0,64,252,253,255,48,211,95,127,255,207,100,24,51,97,0,14,128,1,112,136,255,255,255,255,227,253,255,127,0
260.09356689453125,319.3704833984375,37,226,255,7,128,223,94,27,224,107,180,156,135,97,238,255,255,125,6,6,0,0,240,247,129,3,0,220,241,238,95,124,7,0,240,59,191,243,29,0,136,136,116,144,47,225,1,124,0,15,192,0,140,120,238,255,255,227,121,255,31
329.5094909667969,319.3843688964844,128,246,1,0,254,102,3,200,191,37,27,130,193,176,255,3,0,0,0,48,0,255,7,0,0,192,252,237,58,119,65,64,6,144,249,255,51,147,25,102,254,207,100,152,187,33,0,6,128,1,112,0,247,255,255,255,195,253,255,127,0
364.8299255371094,319.4077453613281,37,226,255,7,128,223,94,27,224,107,180,156,135,97,238,255,255,127,6,6,0,8,240,255,129,3,0,252,113,238,95,92,7,0,240,59,191,243,29,0,138,136,116,144,43,225,35,126,0,15,192,0,12,112,230,255,255,227,121,255,63
434.1224670410156,319.41900634765625,128,246,1,0,126,102,15,200,63,33,27,130,193,248,255,71,0,0,0,48,0,255,15,0,0,0,252,235,58,247,1,0,6,128,249,255,32,195,95,127,255,203,108,24,51,33,0,6,128,1,112,136,239,255,255,255,227,255,255,127,1
469.48974609375,319.3783264160156,37,226,255,7,128,207,126,26,224,107,180,156,135,97,238,255,255,127,6,14,0,0,240,255,129,3,0,252,113,238,95,92,7,0,240,59,191,115,29,0,138,136,116,144,47,225,3,124,0,15,192,0,12,112,254,253,255,227,121,255,63
538.90576171875,319.37158203125,128,246,1,0,126,102,7,200,63,33,27,130,193,248,255,7,0,0,0,48,0,247,15,0,0,0,252,239,58,247,64,0,6,128,249,255,112,211,95,127,255,223,108,26,51,33,0,6,128,1,112,128,255,255,255,255,227,255,255,255,0
574.3203125,319.3735046386719,37,226,255,7,128,223,94,27,224,107,180,156,135,97,238,255,221,125,6,6,0,0,112,247,129,3,0,220,241,238,95,94,7,0,240,59,191,123,29,0,136,136,116,144,47,225,1,124,0,7,192,0,12,112,238,255,255,227,121,255,31
644.0509033203125,319.01263427734375,8,246,1,0,118,102,7,192,191,0,141,131,193,240,255,7,0,0,0,48,16,119,31,8,32,192,220,231,56,247,0,2,133,64,249,255,129,2,0,81,254,163,92,215,42,101,0,12,0,1,112,248,239,255,255,255,255,227,122,255,3
137.14300537109375,320.22943115234375,11,237,141,64,16,34,67,42,224,189,80,255,255,103,128,191,32,98,136,0,0,16,225,153,103,196,196,32,24,115,192,12,51,131,64,16,223,61,238,32,0,116,187,239,157,184,255,255,255,55,207,243,13,1,6,254,127,7,128,140,62
661.8711547851562,320.23590087890625,52,255,15,2,193,157,60,208,191,82,175,224,251,255,63,192,5,17,0,8,128,0,24,100,16,33,51,223,231,140,63,0,200,116,187,255,225,4,38,255,255,59,221,166,68,203,251,31,236,217,255,253,239,223,255,247,118,56,222,0,32
172.2865753173828,326.105712890625,0,6,38,0,134,0,56,192,191,0,143,3,192,121,255,199,223,0,1,32,0,39,48,0,0,0,8,28,0,0,60,2,192,72,248,255,1,0,0,22,254,239,19,132,15,62,18,160,4,144,0,223,15,0,225,195,3,248,255,255,0
207.76364135742188,326.1282958984375,33,22,124,0,128,1,64,58,224,239,240,11,204,1,240,255,255,97,6,0,0,4,240,135,9,0,0,8,6,0,192,204,31,0,96,2,247,191,127,0,8,252,255,1,255,63,19,224,135,159,224,0,64,128,225,195,3,224,249,255,31
277.0051574707031,326.1239013671875,0,6,38,0,142,0,56,192,191,0,143,3,228,1,255,193,206,0,1,32,0,255,48,0,0,0,60,12,0,0,63,2,128,8,248,255,187,0,0,23,254,47,0,132,15,60,2,128,4,248,248,9,0,0,225,227,3,248,255,255,11
312.485595703125,326.1112365722656,33,22,124,0,132,1,64,58,224,239,240,11,204,1,252,255,255,97,6,0,0,12,240,135,9,0,0,24,6,0,192,204,31,0,96,2,255,191,127,0,8,252,255,1,255,30,19,224,135,159,224,8,64,128,225,195,3,224,249,255,63
381.745361328125,326.0872802734375,0,6,38,0,142,0,56,192,191,0,143,3,228,1,255,192,206,0,1,32,0,255,48,0,0,0,60,12,0,0,63,2,128,8,248,255,187,0,0,23,254,47,0,128,15,63,2,128,4,248,248,9,0,0,241,227,3,248,255,255,11
417.2088623046875,326.08856201171875,33,22,124,0,132,1,64,58,224,239,240,11,204,1,240,255,255,97,6,0,0,12,240,135,9,0,0,8,6,0,192,204,31,0,96,2,255,191,127,0,8,252,255,1,255,55,19,224,143,159,0,8,64,128,225,195,3,224,249,255,63
486.5152893066406,326.111572265625,0,6,38,0,142,0,56,192,191,0,143,3,228,1,255,192,206,0,1,32,0,255,48,0,0,0,60,12,0,0,63,2,128,8,184,255,187,0,0,23,254,47,0,132,15,62,2,128,4,248,248,9,0,0,241,227,3,248,255,255,11
521.9925537109375,326.1236877441406,33,22,124,0,132,1,64,58,224,239,240,11,204,1,240,255,255,97,6,0,0,12,240,135,9,0,0,24,6,0,192,204,31,0,96,2,255,191,127,0,8,252,255,1,255,63,19,224,143,159,224,8,64,128,225,195,3,224,249,255,63
591.2364501953125,326.1290588378906,0,6,6,0,142,0,56,192,191,0,143,3,228,1,255,192,12,0,1,32,0,255,48,0,0,0,60,12,0,0,63,2,128,92,248,255,187,0,0,23,254,39,0,132,15,52,0,128,4,248,248,9,0,0,225,227,3,248,255,255,10
626.712890625,326.1060485839844,33,62,108,0,132,1,64,58,224,255,240,159,199,1,254,255,24,32,6,0,0,12,240,130,9,0,0,8,6,0,200,238,31,0,96,2,255,63,127,0,8,252,255,1,255,223,127,159,4,152,224,9,0,128,229,195,3,228,249,255,31
106.32677459716797,329.826904296875,33,252,45,4,128,1,48,0,65,254,224,223,143,2,240,223,25,96,2,8,0,0,240,130,1,0,0,8,6,0,48,4,0,1,160,194,42,124,127,0,186,11,254,1,238,255,255,255,203,31,9,145,128,0,210,164,255,3,252,15,15
692.6736450195312,329.8262023925781,128,255,1,0,132,0,32,165,254,151,143,67,160,122,255,8,0,0,0,0,0,7,16,0,0,0,24,12,0,0,112,116,25,93,182,255,251,223,125,16,254,47,22,133,15,127,48,1,76,192,233,255,255,255,243,167,1,0,252,15,15
375.9533996582031,614.1390380859375,33,54,36,0,132,1,8,128,224,7,112,220,207,1,254,231,12,32,3,0,0,78,112,3,0,0,0,252,2,0,0,0,128,19,112,243,247,31,1,0,8,252,7,128,255,33,45,95,203,127,249,0,176,252,242,1,228,227,253,255,32
420.4245300292969,613.5991821289062,33,6,44,0,128,1,24,128,125,7,240,3,0,112,254,247,223,0,2,104,0,6,112,131,0,0,0,156,2,0,95,10,0,2,112,251,247,47,128,4,0,252,7,128,255,67,9,0,0,72,0,4,160,248,242,1,236,227,253,255,60
399.6852111816406,629.6054077148438,33,6,124,17,140,1,88,129,96,7,118,12,0,128,0,229,255,45,55,96,6,110,240,167,12,16,24,156,2,0,207,238,22,0,112,183,119,175,128,2,4,252,3,18,240,225,31,18,1,32,0,7,16,0,0,0,64,40,75,185,48
375.7933349609375,644.0088500976562,0,6,52,0,150,0,1,128,253,7,122,3,0,0,255,223,238,2,0,112,0,127,51,128,0,0,92,4,0,49,0,0,128,10,120,255,215,15,128,162,5,252,3,254,223,126,0,0,0,0,0,4,35,184,241,1,192,243,253,255,1
415.1351623535156,645.5572509765625,33,22,126,16,142,1,56,192,125,7,254,15,0,128,138,245,223,17,54,240,14,239,112,131,13,24,24,28,3,0,63,2,128,24,92,243,53,15,128,230,205,255,3,0,255,255,1,0,0,0,0,0,96,192,225,1,2,226,255,255,60
366.9874572753906,657.063232421875,0,70,7,0,6,0,7,128,224,7,127,0,196,65,255,255,14,0,0,64,0,39,51,128,0,0,204,101,0,255,0,0,160,235,23,1,255,15,128,250,245,255,3,254,21,8,0,64,225,47,252,0,28,126,208,247,247,251,255,239,63
400.9400634765625,663.6395874023438,1,6,254,19,132,11,33,129,232,7,254,12,0,0,170,245,255,63,35,32,0,110,240,127,0,0,24,236,3,240,120,78,0,0,112,18,247,15,1,4,8,252,231,1,255,120,33,16,0,88,129,0,160,192,18,5,254,3,255,136,60
377.9666748046875,673.2672119140625,1,134,47,0,128,0,15,128,252,7,255,3,196,65,255,247,255,30,0,104,0,6,48,1,0,0,8,236,1,255,7,0,128,0,80,171,255,15,128,86,141,252,7,128,47,39,1,64,0,56,88,0,0,8,176,244,255,243,255,31,24
419.95245361328125,674.6495971679688,32,22,4,0,134,0,26,129,125,7,254,8,70,129,255,119,12,0,3,96,0,111,63,0,0,0,16,252,123,240,31,2,128,16,248,255,247,15,128,238,205,255,7,0,255,128,1,96,207,7,0,0,240,254,96,192,192,98,255,191,32
432.9544372558594,685.4515380859375,32,254,7,0,224,207,63,128,253,7,112,220,195,121,255,199,4,0,0,0,0,70,112,126,0,0,80,255,127,240,60,0,160,249,55,199,255,15,0,0,252,255,15,3,240,255,225,31,0,8,207,176,200,255,255,255,255,7,193,136,63
364.9583435058594,685.9757080078125,1,230,15,0,128,238,15,128,255,7,255,211,235,127,255,207,77,30,0,0,0,0,48,121,0,0,252,231,1,255,24,0,160,209,55,0,255,31,0,0,254,255,247,129,255,7,224,43,248,7,255,249,207,127,255,255,255,27,14,0,8
353.1445007324219,692.9663696289062,160,226,3,128,160,205,222,219,109,107,54,252,255,255,238,15,0,0,0,0,0,0,116,242,201,129,147,255,127,238,31,254,142,191,243,119,127,39,187,236,216,217,237,58,118,3,254,159,255,247,255,255,47,222,248,241,242,255,127,34,37
447.080322265625,692.127685546875,129,226,15,133,32,102,203,201,36,33,55,240,251,127,238,223,1,108,0,10,0,0,0,57,229,202,201,229,57,255,11,32,102,136,9,49,16,243,28,114,230,228,32,156,51,192,255,159,255,247,255,255,159,123,132,223,223,167,33,255,30
354.72357177734375,709.2977294921875,224,226,3,0,128,77,94,159,239,123,55,244,251,255,239,7,0,0,0,0,0,0,0,178,201,144,145,201,115,230,15,92,135,215,241,58,175,115,157,117,234,232,116,144,35,33,156,158,167,247,244,111,127,250,225,193,195,255,123,255,7
445.23583984375,708.5838623046875,225,226,15,4,128,110,143,88,12,123,55,244,251,255,238,255,1,64,0,8,0,0,96,177,205,138,129,253,48,102,11,64,5,86,193,42,172,114,149,85,170,168,252,144,39,193,95,254,145,63,242,35,15,120,224,201,203,231,249,255,15
426.0210876464844,713.306396484375,11,236,253,67,176,110,7,0,226,23,129,255,255,127,254,199,255,31,128,0,48,128,167,191,255,224,253,253,188,119,0,0,0,0,160,10,255,255,79,0,62,0,28,128,0,184,183,255,255,31,125,209,7,48,250,255,247,227,254,119,3
258.5881042480469,157.08201599121094,192,66,11,4,0,80,26,157,174,51,15,0,6,193,206,255,1,96,0,8,0,0,0,0,1,10,1,196,128,102,15,58,135,206,209,57,157,195,156,115,230,164,64,156,43,225,193,120,48,14,198,96,12,99,172,255,91,255,99,212,30
540.4107666015625,157.07452392578125,225,178,0,4,0,85,8,26,77,251,48,128,68,144,111,7,0,0,0,8,0,0,64,128,129,2,0,216,54,68,15,200,70,178,73,54,100,115,155,109,152,216,252,19,242,33,192,68,48,9,38,96,66,155,255,219,219,252,19,242,33
225.33665466308594,189.21646118164062,64,249,1,0,0,115,1,14,199,185,19,2,131,97,252,31,0,0,0,0,0,0,0,128,1,2,0,96,188,55,1,136,35,226,64,28,196,33,142,57,112,112,252,223,1,48,112,28,28,135,227,56,206,241,199,143,143,199,113,255,31
573.6599731445312,189.21417236328125,33,205,15,4,0,216,60,28,142,251,167,140,197,48,255,203,17,96,0,8,0,0,80,64,1,2,2,144,245,206,63,138,143,230,211,124,205,7,180,249,240,241,253,255,6,195,131,239,192,27,120,129,7,56,249,242,243,253,255,119,3
258.7343444824219,206.38250732421875,245,255,205,231,249,255,190,126,159,252,141,3,0,144,255,199,31,255,199,255,248,143,15,64,128,1,3,255,255,255,255,209,77,116,139,110,160,230,255,255,251,171,253,133,6,195,1,96,0,0,0,0,128,255,255,255,255,255,255,127,0
540.2583618164062,206.36807250976562,74,233,131,203,115,238,199,54,130,248,137,15,4,0,238,63,62,158,143,247,241,31,79,152,225,194,193,224,120,255,192,29,95,199,236,152,142,121,253,1,0,0,252,253,15,248,0,0,0,0,0,0,128,127,255,255,255,195,113,254,63
153.7593994140625,261.874267578125,192,2,11,4,0,80,10,141,166,49,31,8,4,128,14,207,1,96,0,8,0,0,0,0,1,10,0,196,128,102,15,58,135,206,209,57,157,131,156,115,231,228,64,220,43,225,193,104,48,10,70,96,4,35,172,255,91,255,3,208,26
645.2422485351562,261.87994384765625,225,50,8,4,0,85,216,90,77,123,48,8,4,128,15,11,0,64,0,8,0,0,64,128,129,2,0,216,54,68,15,201,70,178,73,54,100,115,155,109,152,216,108,19,242,33,193,68,48,9,38,96,66,155,255,219,154,252,3,240,33
120.58173370361328,293.9822998046875,0,160,1,0,0,98,3,10,69,173,82,2,129,98,252,31,0,0,0,0,0,1,0,0,0,0,196,96,56,119,1,136,2,162,64,20,69,33,138,40,81,252,126,91,177,48,96,12,24,3,99,49,142,241,207,141,143,199,48,238,7
678.4141235351562,293.97955322265625,161,95,15,4,128,157,60,149,174,67,167,204,133,32,255,203,17,96,0,8,0,0,112,100,1,2,2,220,229,204,63,170,141,238,211,125,221,7,128,251,180,181,209,190,6,195,145,111,64,11,104,128,214,126,249,246,243,249,255,103,11
152.7535858154297,312.5967102050781,53,118,239,167,225,223,126,30,234,255,165,140,7,0,254,223,221,127,71,207,200,140,124,255,209,1,3,255,247,206,255,221,31,65,169,122,170,119,127,0,250,235,253,149,47,193,227,127,64,2,0,0,128,127,254,255,255,255,191,71,11
646.2422485351562,312.59381103515625,10,166,129,201,118,102,7,64,151,185,11,2,0,112,255,15,38,142,139,115,113,119,15,24,96,196,221,99,56,247,64,21,7,197,184,190,138,81,93,0,254,99,124,157,27,96,0,0,0,0,0,248,207,255,255,255,255,67,48,246,7
175.5449676513672,322.9334411621094,33,142,127,0,128,1,184,197,158,16,143,3,192,122,246,195,221,97,1,40,0,0,112,7,0,0,0,28,132,0,127,247,31,0,184,255,138,208,125,0,254,3,20,133,15,126,6,14,0,240,241,159,15,0,0,198,195,225,255,255,0
204.46888732910156,322.893310546875,1,14,60,0,132,0,192,63,64,255,240,3,192,123,254,255,171,224,2,64,0,4,32,128,11,0,20,0,2,0,192,253,31,0,232,254,34,240,127,0,248,251,255,1,255,63,2,160,135,23,0,191,15,128,225,193,195,247,249,255,63
280.2918701171875,322.89532470703125,32,6,126,0,140,1,184,197,159,16,143,11,196,0,255,195,221,1,1,32,0,238,112,7,0,0,56,28,128,0,127,247,31,0,184,255,138,208,125,1,254,3,20,132,15,127,23,30,0,248,240,11,64,0,1,194,3,224,255,255,0
309.2312927246094,322.904541015625,136,6,176,216,54,0,131,237,182,4,79,131,64,248,255,7,238,166,187,115,55,119,7,0,0,64,220,101,24,115,192,119,209,92,156,139,184,200,69,23,255,47,6,128,143,53,0,6,128,113,112,143,63,24,96,192,224,251,255,255,0
385.00982666015625,322.8952331542969,32,6,126,0,140,1,184,197,31,16,143,11,196,0,254,199,255,1,1,32,0,238,240,7,0,0,56,28,128,0,127,247,31,0,184,255,10,208,125,1,254,3,20,132,15,127,23,158,0,248,240,9,0,0,1,194,3,224,255,255,0
413.9491271972656,322.8951416015625,1,30,52,0,142,0,192,62,65,255,240,3,140,1,252,255,174,32,2,64,0,255,160,128,10,0,28,0,2,0,224,253,31,0,232,255,34,255,127,0,248,251,255,1,255,63,18,224,135,151,0,9,64,128,225,3,0,244,249,255,63
489.76910400390625,322.9046325683594,32,6,126,0,140,1,184,197,159,16,143,11,196,0,255,199,221,1,1,32,0,238,112,7,0,0,56,28,128,0,127,247,31,0,184,255,10,208,125,1,254,3,20,132,15,127,23,30,0,248,240,9,64,0,1,194,3,224,255,255,0
518.706787109375,322.89410400390625,1,30,52,0,142,0,192,62,64,255,240,3,132,1,254,255,174,32,2,64,0,255,32,128,10,0,28,0,2,0,192,253,31,0,232,255,226,255,127,0,248,251,255,1,255,191,18,224,135,151,0,9,64,128,225,3,0,244,249,255,63
594.5305786132812,322.89385986328125,32,86,38,0,140,1,184,197,31,16,143,223,199,1,255,199,4,0,1,32,0,239,48,1,0,0,40,28,128,0,127,247,31,4,184,255,10,208,125,1,254,3,20,132,15,255,191,95,4,248,240,8,64,0,225,195,3,224,255,255,0
623.45361328125,322.933349609375,0,62,4,0,142,0,192,62,65,254,240,223,135,1,252,62,8,32,2,64,0,255,33,128,2,0,28,0,2,0,64,205,31,1,232,255,34,254,127,0,248,251,255,1,238,191,31,255,223,135,0,12,96,240,193,3,0,244,253,255,63
376.521728515625,617.472412109375,0,30,36,0,132,0,0,0,249,207,240,13,0,0,254,255,12,0,2,64,0,127,49,130,0,0,24,12,2,16,64,68,0,17,120,255,163,30,117,0,168,255,223,129,238,199,0,32,0,0,0,0,224,252,243,231,231,227,253,255,39
421.2010803222656,616.4052124023438,33,30,108,2,132,9,56,128,224,7,248,15,0,0,254,247,223,113,7,96,0,6,112,199,0,0,0,156,3,128,255,78,17,1,32,130,247,63,69,0,40,254,23,193,143,245,9,16,0,0,0,0,160,248,242,1,228,227,253,255,60
373.63385009765625,635.6071166992188,8,6,52,16,190,0,3,193,123,6,232,135,0,48,255,199,238,134,3,112,19,255,55,0,0,0,220,37,0,113,64,99,157,0,184,255,17,8,0,214,255,175,3,196,143,255,8,14,0,0,0,5,39,184,243,193,193,241,253,255,0
425.5894775390625,645.6490478515625,33,30,110,18,204,9,60,161,125,135,254,7,2,97,255,255,223,25,3,224,134,238,120,231,0,0,16,158,67,136,127,70,152,17,124,251,179,12,0,0,237,255,151,193,207,255,8,24,0,0,0,4,108,252,243,1,227,243,253,255,63
364.2411193847656,657.0466918945312,1,190,164,0,150,34,3,128,224,7,224,143,67,48,254,199,12,38,131,64,16,63,247,185,32,64,196,96,56,247,64,174,1,0,112,205,247,31,0,0,0,252,3,230,0,223,1,30,128,0,16,0,131,252,255,239,239,227,253,255,32
424.2418212890625,667.3526000976562,32,70,39,19,237,141,62,192,127,7,254,5,131,97,255,255,223,31,3,224,196,206,126,119,0,0,16,255,119,232,63,2,128,16,252,255,35,12,0,132,255,255,231,65,255,254,0,26,0,4,128,134,255,252,240,225,231,243,255,255,62
257.4447021484375,213.1185302734375,245,239,207,231,225,255,190,116,158,252,143,3,0,144,255,199,31,255,199,255,248,143,15,64,128,1,3,255,255,255,255,129,117,96,13,172,192,106,255,255,251,251,255,223,10,229,1,96,0,0,0,0,0,127,254,255,255,255,255,127,0
541.557861328125,213.134033203125,74,233,131,193,115,238,199,38,130,252,137,15,6,0,238,63,62,158,143,247,241,31,79,184,227,194,193,225,120,255,192,93,95,199,237,184,142,123,255,17,0,0,252,253,15,240,1,32,0,0,0,0,128,127,255,255,255,131,113,254,63
374.0857238769531,624.8317260742188,0,6,36,16,190,0,1,192,123,6,236,7,0,16,255,71,14,0,3,112,22,127,51,0,0,0,220,44,8,49,0,66,128,16,184,255,163,12,0,4,254,47,151,129,207,255,0,2,0,0,0,0,99,252,243,193,192,242,255,255,32
444.91741943359375,682.0714721679688,52,254,7,131,253,239,63,192,255,231,254,220,227,121,255,207,12,31,0,6,224,134,127,127,192,129,243,255,255,239,63,0,192,253,255,255,251,15,0,192,254,255,255,253,111,139,240,127,252,7,120,248,207,255,255,255,255,243,253,111,11
242.3377227783203,291.9171447753906,181,230,111,167,233,221,62,144,255,215,175,77,6,0,187,240,221,125,119,239,204,206,124,247,153,35,35,223,247,204,127,196,29,17,187,239,227,30,119,0,254,187,223,145,110,199,225,115,112,8,12,192,128,79,126,255,255,31,7,0,52
346.92059326171875,291.981201171875,53,230,111,7,193,221,62,128,108,71,246,76,4,0,51,224,221,125,119,239,204,206,124,247,153,1,0,220,231,0,127,68,20,17,57,175,227,26,81,0,252,254,95,145,170,229,227,99,112,8,12,192,128,15,62,252,254,31,134,0,32
452.054443359375,291.9855041503906,37,226,111,7,129,221,62,192,45,66,182,76,0,0,51,224,221,125,119,239,204,204,112,247,153,1,0,220,247,0,95,69,4,17,57,34,34,18,17,0,252,252,94,144,34,225,227,99,112,0,12,192,128,15,62,252,252,30,6,0,32
556.6522827148438,291.9196472167969,37,226,111,7,128,221,120,0,224,67,167,244,0,30,51,224,221,125,103,14,0,0,112,247,153,2,0,220,231,0,223,68,37,17,33,0,235,82,23,0,254,168,92,144,34,225,227,3,112,0,14,241,129,15,126,254,254,30,6,0,32
192.3001708984375,317.75994873046875,136,134,3,8,54,32,131,237,182,133,75,195,247,253,255,15,0,128,0,48,48,119,3,0,32,204,220,101,24,115,0,80,211,220,252,255,184,201,77,119,255,43,54,129,143,52,28,223,239,255,253,143,127,124,64,128,224,251,255,255,1
294.7696228027344,317.6370849609375,136,6,146,72,54,34,3,237,182,5,91,235,255,249,255,71,2,130,128,48,50,119,7,8,96,204,220,101,24,115,64,112,17,24,248,255,184,217,77,55,239,46,6,128,143,244,191,255,239,255,252,143,31,0,0,192,224,251,255,255,1
399.5255432128906,317.6702575683594,8,6,146,72,54,34,3,193,182,5,91,235,255,249,255,71,2,134,128,49,50,119,7,8,96,204,220,101,24,115,0,0,0,0,248,255,184,201,77,55,239,46,6,128,143,244,255,255,239,255,252,143,31,0,0,128,224,251,255,255,1
504.22918701171875,317.63714599609375,10,6,148,72,54,34,3,192,182,132,75,251,255,249,255,71,6,6,128,48,50,119,7,8,96,204,220,101,24,115,0,0,0,0,248,255,184,200,69,23,239,42,22,129,143,244,255,255,239,255,252,143,31,0,0,192,224,251,255,255,1
606.6954345703125,317.759033203125,37,248,108,7,128,157,120,18,73,202,244,185,223,115,238,223,157,121,6,140,0,0,112,247,153,3,2,220,103,204,255,93,28,0,224,98,46,246,125,128,8,9,197,161,255,15,127,222,223,255,251,23,175,248,226,1,197,163,249,255,30
242.53616333007812,177.4344940185547,192,130,3,0,0,0,8,149,170,82,167,128,66,209,170,39,0,0,0,0,0,1,0,0,0,2,0,4,0,220,30,40,13,74,67,105,149,166,180,211,164,165,209,180,70,11,128,18,160,4,148,97,9,74,45,251,91,254,75,249,48
556.4638061523438,177.43405151367188,225,178,12,4,0,17,24,106,85,173,82,142,70,209,239,247,1,64,0,8,0,0,112,128,1,2,0,24,54,0,7,218,246,182,213,182,109,11,202,109,209,210,110,91,176,244,129,86,160,13,180,64,75,218,109,219,210,110,91,250,53
